Tag,Datum,Zeit,Home,Away,Resultat,Drittel,OT/SO,Status,Versch.,Stadion,Zus.,TV/Online,Id,Liga,Region,Phase,SVS_Home,SVS_Away,
Di,09/09/2025,19:45:00,HC Ambri-Piotta,EHC Kloten,02:01, 0:0|1:1|1:0,,Ende,FALSE,"Gottardo Arena, 6775 Ambri TI",6149,MYSPORTS,2.02611E+13,NL,CH,Regular Season,94.12,93.55,
Di,09/09/2025,19:45:00,HC Davos,Lausanne HC,04:01, 0:0|1:0|3:1,,Ende,FALSE,"zondacrypto-Arena, 7270 Davos-Platz GR",3696,MYSPORTS,2.02611E+13,NL,CH,Regular Season,95.65,85.71,
Di,09/09/2025,19:45:00,Fribourg-Gottéron,HC Lugano,03:02, 1:0|0:1|1:1|1:0,OT,Ende,FALSE,"BCF Arena, 1700 Fribourg FR",9280,"MYSPORTS,TELETICINO",2.02611E+13,NL,CH,Regular Season,92,90,
Di,09/09/2025,19:45:00,Genève-Servette HC,HC Ajoie,05:03, 0:1|2:0|3:2,,Ende,FALSE,"Les Vernets, 1227 Les Acacias GE",6003,MYSPORTS,2.02611E+13,NL,CH,Regular Season,88,90.24,
Di,09/09/2025,19:45:00,SC Rapperswil-Jona Lakers,SCL Tigers,05:01, 2:0|2:0|1:1,,Ende,FALSE,"St.Galler Kantonalbank Arena, 8640 Rapperswil SG",4293,MYSPORTS,2.02611E+13,NL,CH,Regular Season,95.83,89.13,
Di,09/09/2025,19:45:00,ZSC Lions,EHC Biel-Bienne,04:03, 0:1|1:0|3:2,,Ende,FALSE,"Swiss Life Arena, 8048 Zürich ZH",10152,"MYSPORTS,LEMANBLEU,LATELE,TELEB",2.02611E+13,NL,CH,Regular Season,85.71,85.71,
Di,09/09/2025,19:45:00,EV Zug,SC Bern,03:00, 2:0|0:0|1:0,,Ende,FALSE,"OYM hall, 6303 Zug",7073,MYSPORTS,2.02611E+13,NL,CH,Regular Season,100,88.89,
Do,11/09/2025,20:00:00,EHC Biel-Bienne,HC Davos,01:04, 1:1|0:2|0:1,,Ende,FALSE,"Tissot Arena, 2504 Biel/Bienne BE",5705,"MYSPORTS,TV24,3PLUS",2.02611E+13,NL,CH,Regular Season,81.25,96.97,
Fr,12/09/2025,19:45:00,HC Ajoie,ZSC Lions,00:04, 0:1|0:3|0:0,,Ende,FALSE,"Raiffeisen Arena, 2900 Porrentruy JU",3963,MYSPORTS,2.02611E+13,NL,CH,Regular Season,89.47,100,
Fr,12/09/2025,19:45:00,SC Bern,Genève-Servette HC,02:01, 1:0|0:1|0:0|1:0,SO,Ende,FALSE,"PostFinance Arena, 3014 Bern BE",14523,MYSPORTS,2.02611E+13,NL,CH,Regular Season,96.77,96.67,
Fr,12/09/2025,19:45:00,EHC Kloten,SC Rapperswil-Jona Lakers,05:03, 0:2|0:1|5:0,,Ende,FALSE,"SWISS Arena, 8302 Kloten ZH",5090,MYSPORTS,2.02611E+13,NL,CH,Regular Season,90.91,87.5,
Fr,12/09/2025,19:45:00,HC Lugano,EV Zug,01:02, 0:0|1:2|0:0,,Ende,FALSE,"Cornèr Arena, 6948 Porza Ti",5160,"MYSPORTS,TV24,3PLUS",2.02611E+13,NL,CH,Regular Season,86.67,95.24,
Fr,12/09/2025,19:45:00,Lausanne HC,Fribourg-Gottéron,05:01, 2:0|2:1|1:0,,Ende,FALSE,"Vaudoise Aréna, 1008 Lausanne VD",9600,"MYSPORTS,LEMANBLEU,LATELE,TELEB",2.02611E+13,NL,CH,Regular Season,95.83,83.33,
Fr,12/09/2025,19:45:00,SCL Tigers,HC Ambri-Piotta,03:02, 2:1|0:1|1:0,,Ende,FALSE,"emmental versicherung arena , 3550 Langnau i. E. BE",5685,MYSPORTS,2.02611E+13,NL,CH,Regular Season,94.12,90,
Sa,13/09/2025,19:45:00,HC Ambri-Piotta,Lausanne HC,00:03, 0:1|0:1|0:1,,Ende,FALSE,"Gottardo Arena, 6775 Ambri TI",6333,MYSPORTS,2.02611E+13,NL,CH,Regular Season,93.1,100,
Sa,13/09/2025,19:45:00,Fribourg-Gottéron,EHC Biel-Bienne,04:00, 1:0|0:0|3:0,,Ende,FALSE,"BCF Arena, 1700 Fribourg FR",9280,MYSPORTS,2.02611E+13,NL,CH,Regular Season,100,87.1,
Sa,13/09/2025,19:45:00,Genève-Servette HC,EHC Kloten,04:02, 1:0|2:1|1:1,,Ende,FALSE,"Les Vernets, 1227 Les Acacias GE",5817,MYSPORTS,2.02611E+13,NL,CH,Regular Season,93.1,84.21,
Sa,13/09/2025,19:45:00,SC Rapperswil-Jona Lakers,SC Bern,02:01, 2:1|0:0|0:0,,Ende,FALSE,"St.Galler Kantonalbank Arena, 8640 Rapperswil SG",4678,MYSPORTS,2.02611E+13,NL,CH,Regular Season,96.77,94.59,
Sa,13/09/2025,19:45:00,ZSC Lions,HC Lugano,05:01, 1:1|1:0|3:0,,Ende,FALSE,"Swiss Life Arena, 8048 Zürich ZH",10644,MYSPORTS,2.02611E+13,NL,CH,Regular Season,97.14,84.38,
Sa,13/09/2025,19:45:00,EV Zug,SCL Tigers,03:04, 0:0|3:1|0:2|0:1,OT,Ende,FALSE,"OYM hall, 6303 Zug",7157,MYSPORTS,2.02611E+13,NL,CH,Regular Season,84.62,85.71,
So,14/09/2025,15:45:00,HC Davos,HC Ajoie,06:00, 1:0|2:0|3:0,,Ende,FALSE,"zondacrypto-Arena, 7270 Davos-Platz GR",4859,MYSPORTS,2.02611E+13,NL,CH,Regular Season,100,84.21,
Di,16/09/2025,19:45:00,HC Ajoie,SC Rapperswil-Jona Lakers,02:04, 1:1|0:2|1:1,,Ende,FALSE,"Raiffeisen Arena, 2900 Porrentruy JU",3437,MYSPORTS,2.02611E+13,NL,CH,Regular Season,78.95,93.55,
Di,16/09/2025,19:45:00,SC Bern,HC Ambri-Piotta,03:01, 0:1|2:0|1:0,,Ende,FALSE,"PostFinance Arena, 3014 Bern BE",14301,"MYSPORTS,TELETICINO",2.02611E+13,NL,CH,Regular Season,95.24,90.32,
Di,16/09/2025,19:45:00,EHC Biel-Bienne,HC Lugano,03:02, 0:0|0:1|2:1|1:0,OT,Ende,FALSE,"Tissot Arena, 2504 Biel/Bienne BE",5321,MYSPORTS,2.02611E+13,NL,CH,Regular Season,89.47,91.43,
Di,16/09/2025,19:45:00,HC Davos,EHC Kloten,04:02, 2:0|1:1|1:1,,Ende,FALSE,"zondacrypto-Arena, 7270 Davos-Platz GR",3492,MYSPORTS,2.02611E+13,NL,CH,Regular Season,91.3,80.95,
Di,16/09/2025,19:45:00,Lausanne HC,Genève-Servette HC,11:00, 2:0|6:0|3:0,,Ende,FALSE,"Vaudoise Aréna, 1008 Lausanne VD",9525,"MYSPORTS,LEMANBLEU,LATELE,TELEB",2.02611E+13,NL,CH,Regular Season,100,72.22,
Di,16/09/2025,19:45:00,SCL Tigers,ZSC Lions,02:01, 1:0|0:0|1:1,,Ende,FALSE,"emmental versicherung arena , 3550 Langnau i. E. BE",5100,MYSPORTS,2.02611E+13,NL,CH,Regular Season,97.37,91.3,
Di,16/09/2025,19:45:00,EV Zug,Fribourg-Gottéron,04:05, 1:1|1:3|2:0|0:1,SO,Ende,FALSE,"OYM hall, 6303 Zug",6879,MYSPORTS,2.02611E+13,NL,CH,Regular Season,78.95,84,
Do,18/09/2025,19:45:00,Genève-Servette HC,Fribourg-Gottéron,03:02, 0:1|1:0|2:1,,Ende,FALSE,"Les Vernets, 1227 Les Acacias GE",5217,MYSPORTS,2.02611E+13,NL,CH,Regular Season,93.1,86.36,
Fr,19/09/2025,19:45:00,HC Ambri-Piotta,ZSC Lions,02:05, 1:3|1:1|0:1,,Ende,FALSE,"Gottardo Arena, 6775 Ambri TI",6309,MYSPORTS,2.02611E+13,NL,CH,Regular Season,83.33,93.33,
Fr,19/09/2025,19:45:00,EHC Kloten,EV Zug,02:05, 0:2|1:0|1:3,,Ende,FALSE,"SWISS Arena, 8302 Kloten ZH",4482,MYSPORTS,2.02611E+13,NL,CH,Regular Season,88.46,93.1,
Fr,19/09/2025,19:45:00,HC Lugano,HC Ajoie,02:00, 0:0|1:0|1:0,,Ende,FALSE,"Cornèr Arena, 6948 Porza Ti",4950,MYSPORTS,2.02611E+13,NL,CH,Regular Season,100,94.29,
Fr,19/09/2025,19:45:00,SC Rapperswil-Jona Lakers,Lausanne HC,00:04, 0:0|0:2|0:2,,Ende,FALSE,"St.Galler Kantonalbank Arena, 8640 Rapperswil SG",4157,MYSPORTS,2.02611E+13,NL,CH,Regular Season,87.1,100,
Fr,19/09/2025,19:45:00,SCL Tigers,HC Davos,03:04, 1:0|1:4|1:0,,Ende,FALSE,"emmental versicherung arena , 3550 Langnau i. E. BE",5633,"MYSPORTS,TV24,3PLUS",2.02611E+13,NL,CH,Regular Season,82.61,90,
Sa,20/09/2025,19:45:00,EHC Biel-Bienne,HC Ambri-Piotta,03:02, 1:0|1:2|0:0|1:0,SO,Ende,FALSE,"Tissot Arena, 2504 Biel/Bienne BE",6039,MYSPORTS,2.02611E+13,NL,CH,Regular Season,92.59,94.12,
Sa,20/09/2025,19:45:00,HC Davos,HC Lugano,02:00, 2:0|0:0|0:0,,Ende,FALSE,"zondacrypto-Arena, 7270 Davos-Platz GR",4754,MYSPORTS,2.02611E+13,NL,CH,Regular Season,100,93.33,
Sa,20/09/2025,19:45:00,Fribourg-Gottéron,SCL Tigers,05:02, 2:0|3:2|0:0,,Ende,FALSE,"BCF Arena, 1700 Fribourg FR",9280,MYSPORTS,2.02611E+13,NL,CH,Regular Season,90.91,86.49,
Sa,20/09/2025,19:45:00,Lausanne HC,EHC Kloten,03:05, 2:3|0:2|1:0,,Ende,FALSE,"Vaudoise Aréna, 1008 Lausanne VD",8933,MYSPORTS,2.02611E+13,NL,CH,Regular Season,75,92.31,
Sa,20/09/2025,19:45:00,ZSC Lions,Genève-Servette HC,02:04, 1:1|0:0|1:3,,Ende,FALSE,"Swiss Life Arena, 8048 Zürich ZH",10177,MYSPORTS,2.02611E+13,NL,CH,Regular Season,91.3,93.1,
Sa,20/09/2025,19:45:00,EV Zug,SC Rapperswil-Jona Lakers,00:06, 0:2|0:4|0:0,,Ende,FALSE,"OYM hall, 6303 Zug",6992,MYSPORTS,2.02611E+13,NL,CH,Regular Season,75,100,
Sa,20/09/2025,19:50:00,HC Ajoie,SC Bern,04:00, 1:0|3:0|0:0,,Ende,FALSE,"Raiffeisen Arena, 2900 Porrentruy JU",4204,MYSPORTS,2.02611E+13,NL,CH,Regular Season,100,84.21,
Di,23/09/2025,19:45:00,Fribourg-Gottéron,ZSC Lions,03:02, 0:1|2:1|0:0|1:0,SO,Ende,FALSE,"BCF Arena, 1700 Fribourg FR",9280,MYSPORTS,2.02611E+13,NL,CH,Regular Season,92,93.1,
Di,23/09/2025,19:45:00,Genève-Servette HC,HC Ambri-Piotta,05:04, 1:2|3:2|1:0,,Ende,FALSE,"Les Vernets, 1227 Les Acacias GE",5063,MYSPORTS,2.02611E+13,NL,CH,Regular Season,82.61,84.85,
Di,23/09/2025,19:45:00,EHC Kloten,HC Ajoie,02:01, 0:0|1:0|0:1|1:0,OT,Ende,FALSE,"SWISS Arena, 8302 Kloten ZH",3725,MYSPORTS,2.02611E+13,NL,CH,Regular Season,95,94.12,
Di,23/09/2025,19:45:00,HC Lugano,SC Bern,00:03, 0:1|0:0|0:2,,Ende,FALSE,"Cornèr Arena, 6948 Porza Ti",4545,MYSPORTS,2.02611E+13,NL,CH,Regular Season,92.5,100,
Di,23/09/2025,19:45:00,Lausanne HC,SCL Tigers,04:01, 2:0|2:0|0:1,,Ende,FALSE,"Vaudoise Aréna, 1008 Lausanne VD",7718,MYSPORTS,2.02611E+13,NL,CH,Regular Season,94.74,90.7,
Di,23/09/2025,19:45:00,SC Rapperswil-Jona Lakers,EHC Biel-Bienne,05:02, 2:0|0:1|3:1,,Ende,FALSE,"St.Galler Kantonalbank Arena, 8640 Rapperswil SG",3854,MYSPORTS,2.02611E+13,NL,CH,Regular Season,92.31,88.24,
Di,23/09/2025,19:45:00,EV Zug,HC Davos,03:04, 1:2|1:0|1:1|0:1,SO,Ende,FALSE,"OYM hall, 6303 Zug",7450,MYSPORTS,2.02611E+13,NL,CH,Regular Season,91.43,89.66,
Fr,26/09/2025,19:45:00,HC Ajoie,Fribourg-Gottéron,02:05, 0:2|1:1|1:2,,Ende,FALSE,"Raiffeisen Arena, 2900 Porrentruy JU",4575,MYSPORTS,2.02611E+13,NL,CH,Regular Season,81.48,93.33,
Fr,26/09/2025,19:45:00,HC Ambri-Piotta,EV Zug,00:04, 0:0|0:1|0:3,,Ende,FALSE,"Gottardo Arena, 6775 Ambri TI",6328,MYSPORTS,2.02611E+13,NL,CH,Regular Season,87.5,100,
Fr,26/09/2025,19:45:00,SC Bern,EHC Kloten,00:01, 0:1|0:0|0:0,,Ende,FALSE,"PostFinance Arena, 3014 Bern BE",15421,MYSPORTS,2.02611E+13,NL,CH,Regular Season,95,100,
Fr,26/09/2025,19:45:00,Genève-Servette HC,SC Rapperswil-Jona Lakers,03:04, 1:2|2:1|0:1,,Ende,FALSE,"Les Vernets, 1227 Les Acacias GE",5387,MYSPORTS,2.02611E+13,NL,CH,Regular Season,82.61,91.67,
Fr,26/09/2025,19:45:00,HC Lugano,Lausanne HC,04:05, 1:1|2:2|1:2,,Ende,FALSE,"Cornèr Arena, 6948 Porza Ti",4702,MYSPORTS,2.02611E+13,NL,CH,Regular Season,85.29,87.1,
Fr,26/09/2025,19:45:00,SCL Tigers,EHC Biel-Bienne,03:04, 0:1|2:1|1:1|0:1,SO,Ende,FALSE,"emmental versicherung arena , 3550 Langnau i. E. BE",5605,"MYSPORTS,TV24,3PLUS",2.02611E+13,NL,CH,Regular Season,90.62,92.11,
Fr,26/09/2025,19:45:00,ZSC Lions,HC Davos,02:05, 1:3|1:0|0:2,,Ende,FALSE,"Swiss Life Arena, 8048 Zürich ZH",12000,MYSPORTS,2.02611E+13,NL,CH,Regular Season,80.95,93.33,
Sa,27/09/2025,19:45:00,EHC Biel-Bienne,HC Ajoie,05:04, 1:0|1:1|2:3|1:0,SO,Ende,FALSE,"Tissot Arena, 2504 Biel/Bienne BE",6151,MYSPORTS,2.02611E+13,NL,CH,Regular Season,75,91.49,
Sa,27/09/2025,19:45:00,HC Davos,Genève-Servette HC,03:02, 1:2|0:0|1:0|1:0,SO,Ende,FALSE,"zondacrypto-Arena, 7270 Davos-Platz GR",4914,MYSPORTS,2.02611E+13,NL,CH,Regular Season,94.59,94.12,
Sa,27/09/2025,19:45:00,Fribourg-Gottéron,HC Ambri-Piotta,03:01, 1:1|1:0|1:0,,Ende,FALSE,"BCF Arena, 1700 Fribourg FR",9280,MYSPORTS,2.02611E+13,NL,CH,Regular Season,94.74,93.1,
Sa,27/09/2025,19:45:00,EHC Kloten,SCL Tigers,02:03, 0:1|1:1|1:0|0:1,SO,Ende,FALSE,"SWISS Arena, 8302 Kloten ZH",4209,MYSPORTS,2.02611E+13,NL,CH,Regular Season,93.55,92.59,
Sa,27/09/2025,19:45:00,SC Rapperswil-Jona Lakers,HC Lugano,01:04, 0:0|1:2|0:2,,Ende,FALSE,"St.Galler Kantonalbank Arena, 8640 Rapperswil SG",4938,MYSPORTS,2.02611E+13,NL,CH,Regular Season,93.1,97.06,
Sa,27/09/2025,19:45:00,EV Zug,ZSC Lions,02:01, 0:1|0:0|1:0|1:0,OT,Ende,FALSE,"OYM hall, 6303 Zug",7450,"MYSPORTS,TV24,3PLUS",2.02611E+13,NL,CH,Regular Season,95.83,91.3,
So,28/09/2025,14:00:00,Lausanne HC,SC Bern,06:03, 3:1|1:1|2:1,,Ende,FALSE,"Vaudoise Aréna, 1008 Lausanne VD",9600,MYSPORTS,2.02611E+13,NL,CH,Regular Season,91.43,80.77,
Di,30/09/2025,19:45:00,HC Ajoie,Lausanne HC,01:02, 1:2|0:0|0:0,,Ende,FALSE,"Raiffeisen Arena, 2900 Porrentruy JU",3761,MYSPORTS,2.02611E+13,NL,CH,Regular Season,92.31,95.65,
Di,30/09/2025,19:45:00,SC Bern,Fribourg-Gottéron,01:05, 0:0|1:3|0:2,,Ende,FALSE,"PostFinance Arena, 3014 Bern BE",15093,"MYSPORTS,LEMANBLEU,LATELE,TELEB",2.02611E+13,NL,CH,Regular Season,76.19,95.24,
Di,30/09/2025,19:45:00,EHC Biel-Bienne,EV Zug,02:00, 0:0|1:0|1:0,,Ende,FALSE,"Tissot Arena, 2504 Biel/Bienne BE",5481,MYSPORTS,2.02611E+13,NL,CH,Regular Season,100,92.59,
Di,30/09/2025,19:45:00,HC Lugano,HC Ambri-Piotta,01:02, 0:1|1:0|0:1,,Ende,FALSE,"Cornèr Arena, 6948 Porza Ti",6733,"MYSPORTS,TELETICINO",2.02611E+13,NL,CH,Regular Season,93.33,95.83,
Di,30/09/2025,19:45:00,SC Rapperswil-Jona Lakers,HC Davos,04:03, 2:1|1:0|0:2|1:0,SO,Ende,FALSE,"St.Galler Kantonalbank Arena, 8640 Rapperswil SG",5727,MYSPORTS,2.02611E+13,NL,CH,Regular Season,89.66,90.91,
Di,30/09/2025,19:45:00,SCL Tigers,Genève-Servette HC,03:04, 0:1|1:1|2:2,,Ende,FALSE,"emmental versicherung arena , 3550 Langnau i. E. BE",5022,MYSPORTS,2.02611E+13,NL,CH,Regular Season,85.71,92.5,
Di,30/09/2025,19:45:00,ZSC Lions,EHC Kloten,02:00, 2:0|0:0|0:0,,Ende,FALSE,"Swiss Life Arena, 8048 Zürich ZH",11343,MYSPORTS,2.02611E+13,NL,CH,Regular Season,100,92.86,
Mi,01/10/2025,19:45:00,Lausanne HC,EHC Kloten,02:01, 2:0|0:1|0:0,,Ende,FALSE,"Vaudoise Aréna, 1008 Lausanne VD",7918,MYSPORTS,2.02611E+13,NL,CH,Regular Season,96.55,87.5,
Fr,03/10/2025,19:45:00,Fribourg-Gottéron,SC Rapperswil-Jona Lakers,02:03, 1:2|1:1|0:0,,Ende,FALSE,"BCF Arena, 1700 Fribourg FR",9280,MYSPORTS,2.02611E+13,NL,CH,Regular Season,88.89,92.59,
Fr,03/10/2025,19:45:00,Genève-Servette HC,HC Lugano,01:05, 1:1|0:2|0:2,,Ende,FALSE,"Les Vernets, 1227 Les Acacias GE",5584,MYSPORTS,2.02611E+13,NL,CH,Regular Season,80.95,96,
Fr,03/10/2025,19:45:00,EHC Kloten,EHC Biel-Bienne,02:01, 0:1|1:0|1:0,,Ende,FALSE,"SWISS Arena, 8302 Kloten ZH",4053,MYSPORTS,2.02611E+13,NL,CH,Regular Season,97.06,90.91,
Fr,03/10/2025,19:45:00,SCL Tigers,HC Ajoie,01:00, 1:0|0:0|0:0,,Ende,FALSE,"emmental versicherung arena , 3550 Langnau i. E. BE",5411,MYSPORTS,2.02611E+13,NL,CH,Regular Season,100,97.14,
Fr,03/10/2025,19:45:00,ZSC Lions,SC Bern,07:03, 2:2|2:0|3:1,,Ende,FALSE,"Swiss Life Arena, 8048 Zürich ZH",10906,"MYSPORTS,TV24,3PLUS",2.02611E+13,NL,CH,Regular Season,87.5,79.31,
Fr,03/10/2025,19:45:00,EV Zug,Lausanne HC,04:02, 2:1|1:0|1:1,,Ende,FALSE,"OYM hall, 6303 Zug",7140,MYSPORTS,2.02611E+13,NL,CH,Regular Season,91.3,85.71,
Sa,04/10/2025,19:45:00,HC Ajoie,EV Zug,01:03, 0:1|1:1|0:1,,Ende,FALSE,"Raiffeisen Arena, 2900 Porrentruy JU",4157,MYSPORTS,2.02611E+13,NL,CH,Regular Season,90.91,95.65,
Sa,04/10/2025,19:45:00,SC Bern,SCL Tigers,02:01, 1:0|1:1|0:0,,Ende,FALSE,"PostFinance Arena, 3014 Bern BE",16131,MYSPORTS,2.02611E+13,NL,CH,Regular Season,96.43,92.59,
Sa,04/10/2025,19:45:00,HC Davos,Fribourg-Gottéron,04:02, 1:1|0:0|3:1,,Ende,FALSE,"zondacrypto-Arena, 7270 Davos-Platz GR",5727,MYSPORTS,2.02611E+13,NL,CH,Regular Season,88.89,92.59,
Sa,04/10/2025,19:45:00,Lausanne HC,ZSC Lions,01:03, 1:0|0:2|0:1,,Ende,FALSE,"Vaudoise Aréna, 1008 Lausanne VD",9600,MYSPORTS,2.02611E+13,NL,CH,Regular Season,89.29,96.97,
Sa,04/10/2025,19:45:00,SC Rapperswil-Jona Lakers,HC Ambri-Piotta,04:02, 2:0|1:0|1:2,,Ende,FALSE,"St.Galler Kantonalbank Arena, 8640 Rapperswil SG",5075,MYSPORTS,2.02611E+13,NL,CH,Regular Season,92.59,90,
So,05/10/2025,14:00:00,EHC Biel-Bienne,Genève-Servette HC,08:00, 1:0|3:0|4:0,,Ende,FALSE,"Tissot Arena, 2504 Biel/Bienne BE",6325,MYSPORTS,2.02611E+13,NL,CH,Regular Season,100,73.33,
So,05/10/2025,14:00:00,HC Lugano,EHC Kloten,05:04, 1:1|1:2|2:1|1:0,SO,Ende,FALSE,"Cornèr Arena, 6948 Porza Ti",5468,MYSPORTS,2.02611E+13,NL,CH,Regular Season,85.71,88.57,
So,05/10/2025,15:45:00,HC Ambri-Piotta,HC Davos,04:06, 1:2|2:1|1:3,,Ende,FALSE,"Gottardo Arena, 6775 Ambri TI",6605,MYSPORTS,2.02611E+13,NL,CH,Regular Season,81.48,85.71,
Do,09/10/2025,20:00:00,Fribourg-Gottéron,EHC Kloten,04:03, 0:0|1:0|2:3|1:0,SO,Ende,FALSE,"BCF Arena, 1700 Fribourg FR",9280,"MYSPORTS,TV24,3PLUS",2.02611E+13,NL,CH,Regular Season,90.91,90,
Fr,10/10/2025,19:45:00,HC Ambri-Piotta,HC Ajoie,03:02, 1:1|2:0|0:1,,Ende,FALSE,"Gottardo Arena, 6775 Ambri TI",6546,MYSPORTS,2.02611E+13,NL,CH,Regular Season,93.1,93.1,
Fr,10/10/2025,19:45:00,HC Lugano,SCL Tigers,02:05, 1:1|1:1|0:3,,Ende,FALSE,"Cornèr Arena, 6948 Porza Ti",4811,MYSPORTS,2.02611E+13,NL,CH,Regular Season,80.77,93.75,
Fr,10/10/2025,19:45:00,Lausanne HC,EHC Biel-Bienne,03:04, 0:2|3:1|0:1,,Ende,FALSE,"Vaudoise Aréna, 1008 Lausanne VD",9505,"MYSPORTS,TV24,LEMANBLEU,3PLUS,LATELE,TELEB",2.02611E+13,NL,CH,Regular Season,86.67,86.96,
Fr,10/10/2025,19:45:00,SC Rapperswil-Jona Lakers,ZSC Lions,03:02, 2:0|1:2|0:0,,Ende,FALSE,"St.Galler Kantonalbank Arena, 8640 Rapperswil SG",5962,MYSPORTS,2.02611E+13,NL,CH,Regular Season,93.33,86.36,
Fr,10/10/2025,19:45:00,EV Zug,Genève-Servette HC,01:04, 0:0|0:2|1:2,,Ende,FALSE,"OYM hall, 6303 Zug",7034,MYSPORTS,2.02611E+13,NL,CH,Regular Season,84.62,97.14,
Sa,11/10/2025,19:45:00,SC Bern,EV Zug,03:00, 0:0|2:0|1:0,,Ende,FALSE,"PostFinance Arena, 3014 Bern BE",16322,"MYSPORTS,TV24,3PLUS",2.02611E+13,NL,CH,Regular Season,100,94.12,
Sa,11/10/2025,19:45:00,EHC Biel-Bienne,Fribourg-Gottéron,02:01, 0:0|1:1|0:0|1:0,SO,Ende,FALSE,"Tissot Arena, 2504 Biel/Bienne BE",6556,MYSPORTS,2.02611E+13,NL,CH,Regular Season,97.44,95.24,
Sa,11/10/2025,19:45:00,EHC Kloten,HC Davos,02:03, 1:0|1:1|0:2,,Ende,FALSE,"SWISS Arena, 8302 Kloten ZH",6151,MYSPORTS,2.02611E+13,NL,CH,Regular Season,89.66,92,
Sa,11/10/2025,19:45:00,SCL Tigers,SC Rapperswil-Jona Lakers,01:04, 0:2|0:1|1:1,,Ende,FALSE,"emmental versicherung arena , 3550 Langnau i. E. BE",5726,MYSPORTS,2.02611E+13,NL,CH,Regular Season,86.96,97.44,
Sa,11/10/2025,19:45:00,ZSC Lions,HC Ambri-Piotta,01:02, 1:1|0:0|0:1,,Ende,FALSE,"Swiss Life Arena, 8048 Zürich ZH",11078,"MYSPORTS,TELETICINO",2.02611E+13,NL,CH,Regular Season,92.86,96.43,
So,12/10/2025,14:00:00,HC Ajoie,HC Lugano,01:02, 1:0|0:1|0:1,,Ende,FALSE,"Raiffeisen Arena, 2900 Porrentruy JU",4720,MYSPORTS,2.02611E+13,NL,CH,Regular Season,94.44,94.44,
So,12/10/2025,14:01:00,Genève-Servette HC,Lausanne HC,05:03, 1:1|3:2|1:0,,Ende,FALSE,"Les Vernets, 1227 Les Acacias GE",7135,MYSPORTS,2.02611E+13,NL,CH,Regular Season,88.89,80,
So,12/10/2025,15:45:00,HC Davos,SC Bern,02:01, 2:0|0:0|0:1,,Ende,FALSE,"zondacrypto-Arena, 7270 Davos-Platz GR",6547,MYSPORTS,2.02611E+13,NL,CH,Regular Season,96,91.3,
Do,16/10/2025,20:00:00,HC Lugano,HC Davos,00:03, 0:1|0:0|0:2,,Ende,FALSE,"Cornèr Arena, 6948 Porza Ti",5696,"MYSPORTS,TV24,3PLUS",2.02611E+13,NL,CH,Regular Season,87.5,100,
Fr,17/10/2025,19:45:00,HC Ajoie,EHC Kloten,00:03, 0:0|0:1|0:2,,Ende,FALSE,"Raiffeisen Arena, 2900 Porrentruy JU",4141,MYSPORTS,2.02611E+13,NL,CH,Regular Season,90.91,100,
Fr,17/10/2025,19:45:00,HC Ambri-Piotta,SCL Tigers,02:04, 1:2|1:2|0:0,,Ende,FALSE,"Gottardo Arena, 6775 Ambri TI",6356,"MYSPORTS,TV24,3PLUS",2.02611E+13,NL,CH,Regular Season,81.82,94.44,
Fr,17/10/2025,19:45:00,SC Bern,Lausanne HC,00:02, 0:1|0:0|0:1,,Ende,FALSE,"PostFinance Arena, 3014 Bern BE",14793,MYSPORTS,2.02611E+13,NL,CH,Regular Season,95.45,100,
Fr,17/10/2025,19:45:00,EHC Biel-Bienne,SC Rapperswil-Jona Lakers,04:06, 1:1|3:2|0:3,,Ende,FALSE,"Tissot Arena, 2504 Biel/Bienne BE",5931,MYSPORTS,2.02611E+13,NL,CH,Regular Season,82.76,82.61,
Fr,17/10/2025,19:45:00,Fribourg-Gottéron,Genève-Servette HC,06:02, 2:0|3:1|1:1,,Ende,FALSE,"BCF Arena, 1700 Fribourg FR",9280,MYSPORTS,2.02611E+13,NL,CH,Regular Season,90,75,
Fr,17/10/2025,19:45:00,ZSC Lions,EV Zug,02:03, 0:1|1:1|1:0|0:1,SO,Ende,FALSE,"Swiss Life Arena, 8048 Zürich ZH",11529,MYSPORTS,2.02611E+13,NL,CH,Regular Season,90,95.24,
Sa,18/10/2025,19:45:00,HC Davos,ZSC Lions,03:01, 1:0|0:0|2:1,,Ende,FALSE,"zondacrypto-Arena, 7270 Davos-Platz GR",6547,MYSPORTS,2.02611E+13,NL,CH,Regular Season,96.55,93.1,
Sa,18/10/2025,19:45:00,Genève-Servette HC,SC Bern,02:01, 0:0|0:0|1:1|1:0,OT,Ende,FALSE,"Les Vernets, 1227 Les Acacias GE",7135,MYSPORTS,2.02611E+13,NL,CH,Regular Season,96.67,92.31,
Sa,18/10/2025,19:45:00,EHC Kloten,HC Ambri-Piotta,01:03, 0:1|0:0|1:2,,Ende,FALSE,"SWISS Arena, 8302 Kloten ZH",5474,MYSPORTS,2.02611E+13,NL,CH,Regular Season,81.25,96.67,
Sa,18/10/2025,19:45:00,Lausanne HC,HC Lugano,01:05, 1:2|0:1|0:2,,Ende,FALSE,"Vaudoise Aréna, 1008 Lausanne VD",9600,MYSPORTS,2.02611E+13,NL,CH,Regular Season,78.26,96.3,
Sa,18/10/2025,19:45:00,SCL Tigers,Fribourg-Gottéron,06:00, 3:0|2:0|1:0,,Ende,FALSE,"emmental versicherung arena , 3550 Langnau i. E. BE",6000,MYSPORTS,2.02611E+13,NL,CH,Regular Season,100,64.29,
So,19/10/2025,14:00:00,SC Rapperswil-Jona Lakers,HC Ajoie,03:02, 1:1|2:0|0:1,,Ende,FALSE,"St.Galler Kantonalbank Arena, 8640 Rapperswil SG",5619,MYSPORTS,2.02611E+13,NL,CH,Regular Season,92.59,91.89,
So,19/10/2025,14:00:00,EV Zug,EHC Biel-Bienne,04:03, 2:0|2:0|0:3,,Ende,FALSE,"OYM hall, 6303 Zug",7450,MYSPORTS,2.02611E+13,NL,CH,Regular Season,90.62,82.61,
Di,21/10/2025,19:45:00,HC Ajoie,SCL Tigers,02:01, 1:0|1:0|0:1,,Ende,FALSE,"Raiffeisen Arena, 2900 Porrentruy JU",3498,MYSPORTS,2.02611E+13,NL,CH,Regular Season,96.43,89.47,
Di,21/10/2025,19:45:00,HC Ambri-Piotta,SC Bern,00:05, 0:1|0:4|0:0,,Ende,FALSE,"Gottardo Arena, 6775 Ambri TI",6031,MYSPORTS,2.02611E+13,NL,CH,Regular Season,84.21,100,
Di,21/10/2025,19:45:00,HC Davos,EHC Biel-Bienne,04:03, 0:0|2:1|1:2|1:0,OT,Ende,FALSE,"zondacrypto-Arena, 7270 Davos-Platz GR",4099,MYSPORTS,2.02611E+13,NL,CH,Regular Season,89.29,84,
Di,21/10/2025,19:45:00,Fribourg-Gottéron,EV Zug,05:02, 1:0|2:1|2:1,,Ende,FALSE,"BCF Arena, 1700 Fribourg FR",9372,MYSPORTS,2.02611E+13,NL,CH,Regular Season,87.5,79.17,
Di,21/10/2025,19:45:00,EHC Kloten,Genève-Servette HC,02:03, 2:1|0:0|0:1|0:1,SO,Ende,FALSE,"SWISS Arena, 8302 Kloten ZH",3721,MYSPORTS,2.02611E+13,NL,CH,Regular Season,93.94,91.3,
Di,21/10/2025,19:45:00,HC Lugano,ZSC Lions,05:01, 3:1|2:0|0:0,,Ende,FALSE,"Cornèr Arena, 6948 Porza Ti",4958,MYSPORTS,2.02611E+13,NL,CH,Regular Season,95.83,82.76,
Di,21/10/2025,19:45:00,Lausanne HC,SC Rapperswil-Jona Lakers,02:01, 0:0|1:1|0:0|1:0,OT,Ende,FALSE,"Vaudoise Aréna, 1008 Lausanne VD",9223,MYSPORTS,2.02611E+13,NL,CH,Regular Season,94.74,93.94,
Do,23/10/2025,19:45:00,EV Zug,HC Ajoie,08:03, 1:0|3:3|4:0,,Ende,FALSE,"OYM hall, 6303 Zug",6886,MYSPORTS,2.02611E+13,NL,CH,Regular Season,85.71,75.86,
Fr,24/10/2025,19:45:00,HC Ajoie,HC Davos,02:04, 1:1|1:0|0:3,,Ende,FALSE,"Raiffeisen Arena, 2900 Porrentruy JU",4092,MYSPORTS,2.02611E+13,NL,CH,Regular Season,85.71,93.1,
Fr,24/10/2025,19:45:00,SC Bern,HC Lugano,01:04, 0:2|1:1|0:1,,Ende,FALSE,"PostFinance Arena, 3014 Bern BE",14502,MYSPORTS,2.02611E+13,NL,CH,Regular Season,89.29,96.43,
Fr,24/10/2025,19:45:00,EHC Biel-Bienne,EHC Kloten,05:01, 1:0|1:0|3:1,,Ende,FALSE,"Tissot Arena, 2504 Biel/Bienne BE",6021,MYSPORTS,2.02611E+13,NL,CH,Regular Season,96.97,83.87,
Fr,24/10/2025,19:45:00,SC Rapperswil-Jona Lakers,EV Zug,02:06, 2:2|0:2|0:2,,Ende,FALSE,"St.Galler Kantonalbank Arena, 8640 Rapperswil SG",5225,MYSPORTS,2.02611E+13,NL,CH,Regular Season,83.33,92.59,
Fr,24/10/2025,19:45:00,SCL Tigers,Lausanne HC,01:02, 0:0|1:1|0:0|0:1,SO,Ende,FALSE,"emmental versicherung arena , 3550 Langnau i. E. BE",5406,MYSPORTS,2.02611E+13,NL,CH,Regular Season,96.43,96.77,
Fr,24/10/2025,19:45:00,ZSC Lions,Fribourg-Gottéron,01:02, 1:1|0:0|0:0|0:1,OT,Ende,FALSE,"Swiss Life Arena, 8048 Zürich ZH",11651,"MYSPORTS,TV24,3PLUS",2.02611E+13,NL,CH,Regular Season,93.75,96.3,
Fr,24/10/2025,20:20:00,HC Ambri-Piotta,Genève-Servette HC,05:02, 5:1|0:1|0:0,,Ende,FALSE,"Gottardo Arena, 6775 Ambri TI",6227,MYSPORTS,2.02611E+13,NL,CH,Regular Season,94.44,84.85,
Sa,25/10/2025,19:45:00,HC Davos,SCL Tigers,05:03, 1:1|1:0|3:2,,Ende,FALSE,"zondacrypto-Arena, 7270 Davos-Platz GR",6547,MYSPORTS,2.02611E+13,NL,CH,Regular Season,90,84,
Sa,25/10/2025,19:45:00,Fribourg-Gottéron,SC Bern,01:02, 0:0|0:1|1:0|0:1,SO,Ende,FALSE,"BCF Arena, 1700 Fribourg FR",9372,MYSPORTS,2.02611E+13,NL,CH,Regular Season,96.67,97.37,
Sa,25/10/2025,19:45:00,Genève-Servette HC,EHC Biel-Bienne,06:00, 4:0|0:0|2:0,,Ende,FALSE,"Les Vernets, 1227 Les Acacias GE",6704,MYSPORTS,2.02611E+13,NL,CH,Regular Season,100,73.91,
Sa,25/10/2025,19:45:00,EHC Kloten,ZSC Lions,01:04, 0:0|0:1|1:3,,Ende,FALSE,"SWISS Arena, 8302 Kloten ZH",7453,MYSPORTS,2.02611E+13,NL,CH,Regular Season,93.75,96.67,
Sa,25/10/2025,19:45:00,HC Lugano,SC Rapperswil-Jona Lakers,03:00, 1:0|2:0|0:0,,Ende,FALSE,"Cornèr Arena, 6948 Porza Ti",5495,MYSPORTS,2.02611E+13,NL,CH,Regular Season,100,91.43,
Sa,25/10/2025,19:45:00,Lausanne HC,HC Ambri-Piotta,05:01, 2:0|1:0|2:1,,Ende,FALSE,"Vaudoise Aréna, 1008 Lausanne VD",9600,MYSPORTS,2.02611E+13,NL,CH,Regular Season,96.55,86.84,
Di,28/10/2025,19:45:00,HC Ambri-Piotta,HC Lugano,02:05, 1:0|1:2|0:3,,Ende,FALSE,"Gottardo Arena, 6775 Ambri TI",6775,"MYSPORTS,TELETICINO",2.02611E+13,NL,CH,Regular Season,89.74,92,
Di,28/10/2025,19:45:00,SC Bern,HC Ajoie,04:05, 1:2|1:1|2:2,,Ende,FALSE,"PostFinance Arena, 3014 Bern BE",13468,MYSPORTS,2.02611E+13,NL,CH,Regular Season,69.23,88.57,
Di,28/10/2025,19:45:00,EHC Biel-Bienne,Lausanne HC,06:01, 1:0|2:1|3:0,,Ende,FALSE,"Tissot Arena, 2504 Biel/Bienne BE",5627,MYSPORTS,2.02611E+13,NL,CH,Regular Season,96.43,80,
Di,28/10/2025,19:45:00,Genève-Servette HC,HC Davos,07:00, 4:0|1:0|2:0,,Ende,FALSE,"Les Vernets, 1227 Les Acacias GE",6171,MYSPORTS,2.02611E+13,NL,CH,Regular Season,100,78.12,
Di,28/10/2025,19:45:00,EHC Kloten,Fribourg-Gottéron,04:02, 1:2|1:0|2:0,,Ende,FALSE,"SWISS Arena, 8302 Kloten ZH",4081,MYSPORTS,2.02611E+13,NL,CH,Regular Season,90,80.95,
Di,28/10/2025,19:45:00,SCL Tigers,EV Zug,04:02, 0:0|2:0|2:2,,Ende,FALSE,"emmental versicherung arena , 3550 Langnau i. E. BE",5103,MYSPORTS,2.02611E+13,NL,CH,Regular Season,92,85.71,
Di,28/10/2025,19:45:00,ZSC Lions,SC Rapperswil-Jona Lakers,07:00, 2:0|4:0|1:0,,Ende,FALSE,"Swiss Life Arena, 8048 Zürich ZH",10949,MYSPORTS,2.02611E+13,NL,CH,Regular Season,100,72.22,
Mi,29/10/2025,19:45:00,Lausanne HC,HC Davos,03:02, 1:1|2:0|0:1,,Ende,FALSE,"Vaudoise Aréna, 1008 Lausanne VD",9600,MYSPORTS,2.02611E+13,NL,CH,Regular Season,92.59,88.46,
Do,30/10/2025,19:45:00,Genève-Servette HC,EV Zug,00:01, 0:1|0:0|0:0,,Ende,FALSE,"Les Vernets, 1227 Les Acacias GE",5583,MYSPORTS,2.02611E+13,NL,CH,Regular Season,94.12,100,
Fr,31/10/2025,19:45:00,HC Ajoie,HC Ambri-Piotta,04:05, 3:1|1:3|0:1,,Ende,FALSE,"Raiffeisen Arena, 2900 Porrentruy JU",4547,MYSPORTS,2.02611E+13,NL,CH,Regular Season,90,91,
Fr,31/10/2025,19:45:00,EHC Biel-Bienne,SC Bern,05:06, 0:2|3:2|2:1|0:1,SO,Ende,FALSE,"Tissot Arena, 2504 Biel/Bienne BE",6556,"MYSPORTS,TV24,3PLUS",2.02611E+13,NL,CH,Regular Season,90,91,
Fr,31/10/2025,19:45:00,SC Rapperswil-Jona Lakers,Fribourg-Gottéron,00:01, 0:0|0:0|0:0|0:1,SO,Ende,FALSE,"St.Galler Kantonalbank Arena, 8640 Rapperswil SG",4982,MYSPORTS,2.02611E+13,NL,CH,Regular Season,90,91,
Fr,31/10/2025,19:45:00,ZSC Lions,SCL Tigers,04:02, 1:0|2:1|1:1,,Ende,FALSE,"Swiss Life Arena, 8048 Zürich ZH",10673,MYSPORTS,2.02611E+13,NL,CH,Regular Season,90,91,
Sa,01/11/2025,19:45:00,HC Lugano,Genève-Servette HC,06:02, 2:0|1:1|3:1,,Ende,FALSE,"Cornèr Arena, 6948 Porza Ti",5300,MYSPORTS,2.02611E+13,NL,CH,Regular Season,90,91,
Sa,01/11/2025,19:45:00,HC Ambri-Piotta,EHC Biel-Bienne,03:01, 0:0|1:1|2:0,,Ende,FALSE,"Gottardo Arena, 6775 Ambri TI",6512,MYSPORTS,2.02611E+13,NL,CH,Regular Season,90,91,
Sa,01/11/2025,19:45:00,SC Bern,ZSC Lions,00:03, 0:0|0:0|0:3,,Ende,FALSE,"PostFinance Arena, 3014 Bern BE",15645,"MYSPORTS,TV24,3PLUS",2.02611E+13,NL,CH,Regular Season,90,91,
Sa,01/11/2025,19:45:00,HC Davos,SC Rapperswil-Jona Lakers,06:01, 0:0|2:1|4:0,,Ende,FALSE,"zondacrypto-Arena, 7270 Davos-Platz GR",6547,MYSPORTS,2.02611E+13,NL,CH,Regular Season,90,91,
Sa,01/11/2025,19:45:00,EHC Kloten,Lausanne HC,02:01, 1:0|1:0|0:1,,Ende,FALSE,"SWISS Arena, 8302 Kloten ZH",4481,MYSPORTS,2.02611E+13,NL,CH,Regular Season,90,91,
Mi,12/11/2025,19:45:00,Fribourg-Gottéron,HC Ajoie,05:01, 2:1|2:0|1:0,,Ende,FALSE,"BCF Arena, 1700 Fribourg FR",9372,MYSPORTS,2.02611E+13,NL,CH,Regular Season,90,91,
Mi,12/11/2025,19:45:00,SCL Tigers,HC Lugano,03:00, 1:0|2:0|0:0,,Ende,FALSE,"emmental versicherung arena , 3550 Langnau i. E. BE",5234,MYSPORTS,2.02611E+13,NL,CH,Regular Season,90,91,
Do,13/11/2025,20:00:00,Genève-Servette HC,SCL Tigers,03:01, 1:0|0:1|2:0,,Ende,FALSE,"Les Vernets, 1227 Les Acacias GE",5841,"MYSPORTS,TV24,3PLUS",2.02611E+13,NL,CH,Regular Season,90,91,
Fr,14/11/2025,19:45:00,SC Bern,SC Rapperswil-Jona Lakers,05:02, 0:1|3:0|2:1,,Ende,FALSE,"PostFinance Arena, 3014 Bern BE",14975,MYSPORTS,2.02611E+13,NL,CH,Regular Season,90,91,
Fr,14/11/2025,19:45:00,EHC Biel-Bienne,ZSC Lions,00:02, 0:1|0:0|0:1,,Ende,FALSE,"Tissot Arena, 2504 Biel/Bienne BE",6239,MYSPORTS,2.02611E+13,NL,CH,Regular Season,90,91,
Fr,14/11/2025,19:45:00,Fribourg-Gottéron,HC Davos,05:03, 1:2|0:0|4:1,,Ende,FALSE,"BCF Arena, 1700 Fribourg FR",9372,"MYSPORTS,TV24,3PLUS",2.02611E+13,NL,CH,Regular Season,90,91,
Fr,14/11/2025,19:45:00,EHC Kloten,HC Lugano,01:02, 1:2|0:0|0:0,,Ende,FALSE,"SWISS Arena, 8302 Kloten ZH",4601,MYSPORTS,2.02611E+13,NL,CH,Regular Season,90,91,
Fr,14/11/2025,19:45:00,Lausanne HC,HC Ajoie,03:02, 0:1|2:0|0:1|1:0,OT,Ende,FALSE,"Vaudoise Aréna, 1008 Lausanne VD",9600,MYSPORTS,2.02611E+13,NL,CH,Regular Season,90,91,
Fr,14/11/2025,19:45:00,EV Zug,HC Ambri-Piotta,04:02, 0:2|1:0|3:0,,Ende,FALSE,"OYM hall, 6303 Zug",7450,MYSPORTS,2.02611E+13,NL,CH,Regular Season,90,91,
Sa,15/11/2025,19:45:00,HC Ajoie,Genève-Servette HC,02:00, 1:0|0:0|1:0,,Ende,FALSE,"Raiffeisen Arena, 2900 Porrentruy JU",4324,MYSPORTS,2.02611E+13,NL,CH,Regular Season,90,91,
Sa,15/11/2025,19:45:00,HC Ambri-Piotta,Fribourg-Gottéron,04:02, 1:0|0:2|3:0,,Ende,FALSE,"Gottardo Arena, 6775 Ambri TI",6775,MYSPORTS,2.02611E+13,NL,CH,Regular Season,90,91,
Sa,15/11/2025,19:45:00,HC Lugano,EHC Biel-Bienne,06:00, 1:0|3:0|2:0,,Ende,FALSE,"Cornèr Arena, 6948 Porza Ti",5507,MYSPORTS,2.02611E+13,NL,CH,Regular Season,90,91,
Sa,15/11/2025,19:45:00,SC Rapperswil-Jona Lakers,EHC Kloten,03:02, 0:0|0:2|2:0|1:0,OT,Ende,FALSE,"St.Galler Kantonalbank Arena, 8640 Rapperswil SG",5352,MYSPORTS,2.02611E+13,NL,CH,Regular Season,90,91,
Sa,15/11/2025,19:45:00,SCL Tigers,SC Bern,03:04, 0:1|2:1|1:1|0:1,OT,Ende,FALSE,"emmental versicherung arena , 3550 Langnau i. E. BE",6000,MYSPORTS,2.02611E+13,NL,CH,Regular Season,90,91,
So,16/11/2025,15:45:00,HC Davos,EV Zug,05:01, 1:0|2:1|2:0,,Ende,FALSE,"zondacrypto-Arena, 7270 Davos-Platz GR",6547,MYSPORTS,2.02611E+13,NL,CH,Regular Season,90,91,
So,16/11/2025,15:45:00,ZSC Lions,Lausanne HC,01:02, 1:0|0:0|0:1|0:1,SO,Ende,FALSE,"Swiss Life Arena, 8048 Zürich ZH",12000,MYSPORTS,2.02611E+13,NL,CH,Regular Season,90,91,
Mi,19/11/2025,19:45:00,HC Ajoie,EHC Biel-Bienne,03:04, 2:0|1:2|0:1|0:1,OT,Ende,FALSE,"Raiffeisen Arena, 2900 Porrentruy JU",4178,"MYSPORTS,LEMANBLEU,LATELE,TELEB",2.02611E+13,NL,CH,Regular Season,90,91,
Do,20/11/2025,19:45:00,HC Lugano,Fribourg-Gottéron,00:04, 0:1|0:1|0:2,,Ende,FALSE,"Cornèr Arena, 6948 Porza Ti",5512,MYSPORTS,2.02611E+13,NL,CH,Regular Season,90,91,
Do,20/11/2025,20:00:00,HC Davos,HC Ambri-Piotta,04:06, 1:2|2:1|1:3,,Ende,FALSE,"zondacrypto-Arena, 7270 Davos-Platz GR",4505,"MYSPORTS,TV24,3PLUS",2.02611E+13,NL,CH,Regular Season,90,91,
Fr,21/11/2025,19:45:00,EHC Biel-Bienne,SCL Tigers,06:05, 1:2|3:2|2:1,,Ende,FALSE,"Tissot Arena, 2504 Biel/Bienne BE",6436,MYSPORTS,2.02611E+13,NL,CH,Regular Season,90,91,
Fr,21/11/2025,19:45:00,Fribourg-Gottéron,Lausanne HC,02:01, 0:0|1:1|1:0,,Ende,FALSE,"BCF Arena, 1700 Fribourg FR",9372,"MYSPORTS,LEMANBLEU,LATELE,TELEB",2.02611E+13,NL,CH,Regular Season,90,91,
Fr,21/11/2025,19:45:00,EHC Kloten,SC Bern,04:02, 1:0|2:1|1:1,,Ende,FALSE,"SWISS Arena, 8302 Kloten ZH",5127,MYSPORTS,2.02611E+13,NL,CH,Regular Season,90,91,
Fr,21/11/2025,19:45:00,SC Rapperswil-Jona Lakers,Genève-Servette HC,02:05, 1:2|0:0|1:3,,Ende,FALSE,"St.Galler Kantonalbank Arena, 8640 Rapperswil SG",4512,MYSPORTS,2.02611E+13,NL,CH,Regular Season,90,91,
Fr,21/11/2025,19:45:00,ZSC Lions,HC Ajoie,02:03, 2:0|0:2|0:1,,Ende,FALSE,"Swiss Life Arena, 8048 Zürich ZH",10810,MYSPORTS,2.02611E+13,NL,CH,Regular Season,90,91,
Fr,21/11/2025,19:45:00,EV Zug,HC Lugano,02:03, 0:1|2:1|0:1,,Ende,FALSE,"OYM hall, 6303 Zug",7450,"MYSPORTS,TELETICINO,TV24,3PLUS",2.02611E+13,NL,CH,Regular Season,90,91,
Sa,22/11/2025,19:45:00,HC Ambri-Piotta,SC Rapperswil-Jona Lakers,01:05, 0:3|0:2|1:0,,Ende,FALSE,"Gottardo Arena, 6775 Ambri TI",6590,MYSPORTS,2.02611E+13,NL,CH,Regular Season,90,91,
Sa,22/11/2025,19:45:00,SC Bern,HC Davos,00:03, 0:0|0:0|0:3,,Ende,FALSE,"PostFinance Arena, 3014 Bern BE",16002,MYSPORTS,2.02611E+13,NL,CH,Regular Season,90,91,
Sa,22/11/2025,19:45:00,Genève-Servette HC,ZSC Lions,04:01, 1:1|2:0|1:0,,Ende,FALSE,"Les Vernets, 1227 Les Acacias GE",6407,MYSPORTS,2.02611E+13,NL,CH,Regular Season,90,91,
Sa,22/11/2025,19:45:00,Lausanne HC,EV Zug,05:02, 0:1|2:1|3:0,,Ende,FALSE,"Vaudoise Aréna, 1008 Lausanne VD",9600,MYSPORTS,2.02611E+13,NL,CH,Regular Season,90,91,
Sa,22/11/2025,19:45:00,SCL Tigers,EHC Kloten,06:01, 4:1|1:0|1:0,,Ende,FALSE,"emmental versicherung arena , 3550 Langnau i. E. BE",6000,MYSPORTS,2.02611E+13,NL,CH,Regular Season,90,91,
Di,25/11/2025,19:45:00,EHC Biel-Bienne,EHC Kloten,03:01, 1:1|0:0|2:0,,Ende,FALSE,"Tissot Arena, 2504 Biel/Bienne BE",5545,MYSPORTS,2.02611E+13,NL,CH,Regular Season,90,91,
Di,25/11/2025,19:45:00,Fribourg-Gottéron,Genève-Servette HC,02:05, 1:0|1:1|0:4,,Ende,FALSE,"BCF Arena, 1700 Fribourg FR",9372,MYSPORTS,2.02611E+13,NL,CH,Regular Season,90,91,
Di,25/11/2025,19:45:00,SC Rapperswil-Jona Lakers,Lausanne HC,03:04, 1:3|1:1|1:0,,Ende,FALSE,"St.Galler Kantonalbank Arena, 8640 Rapperswil SG",4256,MYSPORTS,2.02611E+13,NL,CH,Regular Season,90,91,
Di,25/11/2025,19:45:00,ZSC Lions,HC Ambri-Piotta,03:02, 0:0|0:1|2:1|1:0,OT,Ende,FALSE,"Swiss Life Arena, 8048 Zürich ZH",11184,MYSPORTS,2.02611E+13,NL,CH,Regular Season,90,91,
Di,25/11/2025,19:45:00,EV Zug,SC Bern,04:02, 2:0|1:2|1:0,,Ende,FALSE,"OYM hall, 6303 Zug",7179,MYSPORTS,2.02611E+13,NL,CH,Regular Season,90,91,
Di,25/11/2025,19:45:00,HC Davos,HC Ajoie,08:00, 2:0|4:0|2:0,,Ende,FALSE,"zondacrypto-Arena, 7270 Davos-Platz GR",3904,MYSPORTS,2.02611E+13,NL,CH,Regular Season,90,91,
Mi,26/11/2025,19:45:00,Lausanne HC,SCL Tigers,06:04, 1:0|3:1|2:3,,Ende,FALSE,"Vaudoise Aréna, 1008 Lausanne VD",9600,MYSPORTS,2.02611E+13,NL,CH,Regular Season,90,91,
Do,27/11/2025,19:45:00,EV Zug,Genève-Servette HC,03:01, 2:0|0:1|1:0,,Ende,FALSE,"OYM hall, 6303 Zug",7103,MYSPORTS,2.02611E+13,NL,CH,Regular Season,90,91,
Fr,28/11/2025,19:45:00,SC Bern,ZSC Lions,02:01, 0:0|1:1|1:0,,Ende,FALSE,"PostFinance Arena, 3014 Bern BE",14756,MYSPORTS,2.02611E+13,NL,CH,Regular Season,90,91,
Fr,28/11/2025,19:45:00,EHC Biel-Bienne,Fribourg-Gottéron,02:03, 0:2|1:1|1:0,,Ende,FALSE,"Tissot Arena, 2504 Biel/Bienne BE",6472,"MYSPORTS,TV24,3PLUS",2.02611E+13,NL,CH,Regular Season,90,91,
Fr,28/11/2025,19:45:00,HC Davos,SC Rapperswil-Jona Lakers,04:03, 0:1|1:1|2:1|1:0,SO,Ende,FALSE,"zondacrypto-Arena, 7270 Davos-Platz GR",5073,MYSPORTS,2.02611E+13,NL,CH,Regular Season,90,91,
Fr,28/11/2025,19:45:00,EHC Kloten,HC Ajoie,02:03, 1:2|0:1|1:0,,Ende,FALSE,"SWISS Arena, 8302 Kloten ZH",4107,MYSPORTS,2.02611E+13,NL,CH,Regular Season,90,91,
Fr,28/11/2025,19:45:00,HC Lugano,HC Ambri-Piotta,05:01, 1:1|3:0|1:0,,Ende,FALSE,"Cornèr Arena, 6948 Porza Ti",6733,"MYSPORTS,TELETICINO",2.02611E+13,NL,CH,Regular Season,90,91,
Sa,29/11/2025,19:45:00,HC Ajoie,EV Zug,03:02, 0:1|0:1|2:0|1:0,SO,Ende,FALSE,"Raiffeisen Arena, 2900 Porrentruy JU",4708,MYSPORTS,2.02611E+13,NL,CH,Regular Season,90,91,
Sa,29/11/2025,19:45:00,HC Ambri-Piotta,EHC Biel-Bienne,05:04, 2:2|1:2|1:0|1:0,SO,Ende,FALSE,"Gottardo Arena, 6775 Ambri TI",6429,MYSPORTS,2.02611E+13,NL,CH,Regular Season,90,91,
Sa,29/11/2025,19:45:00,Fribourg-Gottéron,SC Bern,02:01, 0:0|0:0|2:1,,Ende,FALSE,"BCF Arena, 1700 Fribourg FR",9372,"MYSPORTS,TV24,3PLUS",2.02611E+13,NL,CH,Regular Season,90,91,
Sa,29/11/2025,19:45:00,Genève-Servette HC,HC Davos,03:02, 0:0|1:0|1:2|1:0,OT,Ende,FALSE,"Les Vernets, 1227 Les Acacias GE",6722,MYSPORTS,2.02611E+13,NL,CH,Regular Season,90,91,
Sa,29/11/2025,19:45:00,ZSC Lions,SCL Tigers,02:03, 1:1|0:0|1:1|0:1,OT,Ende,FALSE,"Swiss Life Arena, 8048 Zürich ZH",11559,MYSPORTS,2.02611E+13,NL,CH,Regular Season,90,91,
So,30/11/2025,15:45:00,SCL Tigers,Lausanne HC,03:04, 0:1|1:0|2:3,,Ende,FALSE,"emmental versicherung arena , 3550 Langnau i. E. BE",6000,MYSPORTS,2.02611E+13,NL,CH,Regular Season,90,91,
So,30/11/2025,15:45:00,SC Rapperswil-Jona Lakers,HC Lugano,03:02, 0:1|0:1|2:0|1:0,SO,Ende,FALSE,"St.Galler Kantonalbank Arena, 8640 Rapperswil SG",5798,MYSPORTS,2.02611E+13,NL,CH,Regular Season,90,91,
Mi,03/12/2025,19:45:00,SC Bern,EHC Biel-Bienne,06:02, 2:1|1:1|3:0,,Ende,FALSE,"PostFinance Arena, 3014 Bern BE",15027,"MYSPORTS,LEMANBLEU,LATELE,TELEB",2.02611E+13,NL,CH,Regular Season,90,91,
Mi,03/12/2025,19:45:00,Fribourg-Gottéron,SC Rapperswil-Jona Lakers,02:04, 0:1|0:1|2:2,,Ende,FALSE,"BCF Arena, 1700 Fribourg FR",9372,MYSPORTS,2.02611E+13,NL,CH,Regular Season,90,91,
Mi,03/12/2025,19:45:00,HC Davos,Genève-Servette HC,06:02, 2:1|3:0|1:1,,Ende,FALSE,"zondacrypto-Arena, 7270 Davos-Platz GR",4554,MYSPORTS,2.02611E+13,NL,CH,Regular Season,90,91,
Do,04/12/2025,19:45:00,HC Ambri-Piotta,Genève-Servette HC,05:02, 3:0|0:0|2:2,,Ende,FALSE,"Gottardo Arena, 6775 Ambri TI",5924,MYSPORTS,2.02611E+13,NL,CH,Regular Season,90,91,
Fr,05/12/2025,19:45:00,HC Ajoie,Fribourg-Gottéron,01:05, 0:0|1:3|0:2,,Ende,FALSE,"Raiffeisen Arena, 2900 Porrentruy JU",5195,"MYSPORTS,LEMANBLEU,LATELE,TELEB",2.02611E+13,NL,CH,Regular Season,90,91,
Fr,05/12/2025,19:45:00,HC Davos,ZSC Lions,02:03, 1:1|0:1|1:0|0:1,SO,Ende,FALSE,"zondacrypto-Arena, 7270 Davos-Platz GR",6547,"MYSPORTS,TV24,3PLUS",2.02611E+13,NL,CH,Regular Season,90,91,
Fr,05/12/2025,19:45:00,HC Lugano,EHC Kloten,04:01, 2:0|1:1|1:0,,Ende,FALSE,"Cornèr Arena, 6948 Porza Ti",5125,MYSPORTS,2.02611E+13,NL,CH,Regular Season,90,91,
Fr,05/12/2025,19:45:00,SC Rapperswil-Jona Lakers,EHC Biel-Bienne,02:03, 1:0|1:2|0:0|0:1,SO,Ende,FALSE,"St.Galler Kantonalbank Arena, 8640 Rapperswil SG",4722,MYSPORTS,2.02611E+13,NL,CH,Regular Season,90,91,
Fr,05/12/2025,19:45:00,SCL Tigers,EV Zug,03:01, 1:0|0:1|2:0,,Ende,FALSE,"emmental versicherung arena , 3550 Langnau i. E. BE",5575,MYSPORTS,2.02611E+13,NL,CH,Regular Season,90,91,
Sa,06/12/2025,19:45:00,SC Bern,SCL Tigers,05:01, 2:0|1:0|2:1,,Ende,FALSE,"PostFinance Arena, 3014 Bern BE",16503,MYSPORTS,2.02611E+13,NL,CH,Regular Season,90,91,
Sa,06/12/2025,19:45:00,EHC Biel-Bienne,Lausanne HC,01:02, 1:0|0:0|0:2,,Ende,FALSE,"Tissot Arena, 2504 Biel/Bienne BE",6240,MYSPORTS,2.02611E+13,NL,CH,Regular Season,90,91,
Sa,06/12/2025,19:45:00,Genève-Servette HC,HC Ajoie,06:01, 1:0|3:1|2:0,,Ende,FALSE,"Les Vernets, 1227 Les Acacias GE",6337,MYSPORTS,2.02611E+13,NL,CH,Regular Season,90,91,
So,07/12/2025,14:00:00,Fribourg-Gottéron,HC Davos,04:00, 1:0|2:0|1:0,,Ende,FALSE,"BCF Arena, 1700 Fribourg FR",9372,MYSPORTS,2.02611E+13,NL,CH,Regular Season,90,91,
So,07/12/2025,14:00:00,EHC Kloten,HC Ambri-Piotta,02:01, 1:0|0:0|1:1,,Ende,FALSE,"SWISS Arena, 8302 Kloten ZH",6632,MYSPORTS,2.02611E+13,NL,CH,Regular Season,90,91,
So,07/12/2025,15:45:00,ZSC Lions,SC Rapperswil-Jona Lakers,03:01, 1:0|1:0|1:1,,Ende,FALSE,"Swiss Life Arena, 8048 Zürich ZH",12000,MYSPORTS,2.02611E+13,NL,CH,Regular Season,90,91,
So,07/12/2025,15:45:00,HC Lugano,SC Bern,03:01, 1:0|1:1|1:0,,Ende,FALSE,"Cornèr Arena, 6948 Porza Ti",5703,MYSPORTS,2.02611E+13,NL,CH,Regular Season,90,91,
Mi,17/12/2025,19:45:00,EV Zug,EHC Kloten,05:04, 1:1|1:2|3:1,,Ende,FALSE,"OYM hall, 6303 Zug",7049,MYSPORTS,2.02611E+13,NL,CH,Regular Season,90,91,
Mi,17/12/2025,19:45:00,ZSC Lions,HC Lugano,05:03, 2:1|0:1|3:1,,Ende,FALSE,"Swiss Life Arena, 8048 Zürich ZH",11195,MYSPORTS,2.02611E+13,NL,CH,Regular Season,90,91,
Mi,17/12/2025,19:45:00,Fribourg-Gottéron,HC Ajoie,04:02, 2:0|2:1|0:1,,Ende,FALSE,"BCF Arena, 1700 Fribourg FR",9372,MYSPORTS,2.02611E+13,NL,CH,Regular Season,90,91,
Fr,19/12/2025,19:45:00,HC Ajoie,Lausanne HC,03:04, 1:1|1:1|1:1|0:1,OT,Ende,FALSE,"Raiffeisen Arena, 2900 Porrentruy JU",4989,MYSPORTS,2.02611E+13,NL,CH,Regular Season,90,91,
Fr,19/12/2025,19:45:00,HC Ambri-Piotta,Fribourg-Gottéron,05:06, 3:2|1:2|1:1|0:1,OT,Ende,FALSE,"Gottardo Arena, 6775 Ambri TI",6552,MYSPORTS,2.02611E+13,NL,CH,Regular Season,90,91,
Fr,19/12/2025,19:45:00,SC Bern,HC Davos,02:03, 0:1|0:1|2:0|0:1,OT,Ende,FALSE,"PostFinance Arena, 3014 Bern BE",15689,"MYSPORTS,TV24,3PLUS",2.02611E+13,NL,CH,Regular Season,90,91,
Fr,19/12/2025,19:45:00,Genève-Servette HC,SCL Tigers,01:04, 0:2|0:0|1:2,,Ende,FALSE,"Les Vernets, 1227 Les Acacias GE",6043,MYSPORTS,2.02611E+13,NL,CH,Regular Season,90,91,
Fr,19/12/2025,19:45:00,EHC Kloten,SC Rapperswil-Jona Lakers,05:02, 3:0|0:1|2:1,,Ende,FALSE,"SWISS Arena, 8302 Kloten ZH",5035,MYSPORTS,2.02611E+13,NL,CH,Regular Season,90,91,
Fr,19/12/2025,19:45:00,EV Zug,EHC Biel-Bienne,04:00, 0:0|1:0|3:0,,Ende,FALSE,"OYM hall, 6303 Zug",7246,MYSPORTS,2.02611E+13,NL,CH,Regular Season,90,91,
Sa,20/12/2025,19:45:00,HC Davos,HC Lugano,05:04, 2:1|3:1|0:2,,Ende,FALSE,"zondacrypto-Arena, 7270 Davos-Platz GR",6547,MYSPORTS,2.02611E+13,NL,CH,Regular Season,90,91,
Sa,20/12/2025,19:45:00,Fribourg-Gottéron,ZSC Lions,04:02, 1:2|0:0|3:0,,Ende,FALSE,"BCF Arena, 1700 Fribourg FR",9372,"MYSPORTS,TV24,3PLUS",2.02611E+13,NL,CH,Regular Season,90,91,
Sa,20/12/2025,19:45:00,Lausanne HC,HC Ambri-Piotta,05:01, 1:0|2:0|2:1,,Ende,FALSE,"Vaudoise Aréna, 1008 Lausanne VD",9600,MYSPORTS,2.02611E+13,NL,CH,Regular Season,90,91,
Sa,20/12/2025,19:45:00,SC Rapperswil-Jona Lakers,EV Zug,04:02, 0:2|1:0|3:0,,Ende,FALSE,"St.Galler Kantonalbank Arena, 8640 Rapperswil SG",5940,MYSPORTS,2.02611E+13,NL,CH,Regular Season,90,91,
Sa,20/12/2025,19:45:00,SCL Tigers,EHC Kloten,04:03, 1:1|2:0|0:2|1:0,OT,Ende,FALSE,"emmental versicherung arena , 3550 Langnau i. E. BE",6000,MYSPORTS,2.02611E+13,NL,CH,Regular Season,90,91,
Sa,20/12/2025,20:00:00,EHC Biel-Bienne,Genève-Servette HC,03:02, 2:1|0:0|1:1,,Ende,FALSE,"Tissot Arena, 2504 Biel/Bienne BE",6365,"MYSPORTS,LEMANBLEU,LATELE,TELEB",2.02611E+13,NL,CH,Regular Season,90,91,
Mo,22/12/2025,19:45:00,Lausanne HC,SC Bern,02:03, 0:0|1:0|1:2|0:1,OT,Ende,FALSE,"Vaudoise Aréna, 1008 Lausanne VD",9600,MYSPORTS,2.02611E+13,NL,CH,Regular Season,90,91,
Mo,22/12/2025,19:45:00,HC Lugano,HC Ajoie,06:01, 1:1|4:0|1:0,,Ende,FALSE,"Cornèr Arena, 6948 Porza Ti",6292,MYSPORTS,2.02611E+13,NL,CH,Regular Season,90,91,
Di,23/12/2025,19:45:00,HC Ambri-Piotta,HC Ajoie,02:05, 1:2|1:1|0:2,,Ende,FALSE,"Gottardo Arena, 6775 Ambri TI",6775,MYSPORTS,2.02611E+13,NL,CH,Regular Season,90,91,
Di,23/12/2025,19:45:00,SC Bern,SC Rapperswil-Jona Lakers,03:02, 0:2|1:0|1:0|1:0,SO,Ende,FALSE,"PostFinance Arena, 3014 Bern BE",15876,"MYSPORTS,TV24,3PLUS",2.02611E+13,NL,CH,Regular Season,90,91,
Di,23/12/2025,19:45:00,Genève-Servette HC,Lausanne HC,07:03, 2:1|4:2|1:0,,Ende,FALSE,"Les Vernets, 1227 Les Acacias GE",7135,MYSPORTS,2.02611E+13,NL,CH,Regular Season,90,91,
Di,23/12/2025,19:45:00,EHC Kloten,Fribourg-Gottéron,04:03, 3:0|0:1|1:2,,Ende,FALSE,"SWISS Arena, 8302 Kloten ZH",6158,MYSPORTS,2.02611E+13,NL,CH,Regular Season,90,91,
Di,23/12/2025,19:45:00,SCL Tigers,HC Lugano,02:04, 1:1|1:2|0:1,,Ende,FALSE,"emmental versicherung arena , 3550 Langnau i. E. BE",6000,"MYSPORTS,TELETICINO",2.02611E+13,NL,CH,Regular Season,90,91,
Di,23/12/2025,19:45:00,ZSC Lions,EHC Biel-Bienne,04:02, 1:0|0:1|3:1,,Ende,FALSE,"Swiss Life Arena, 8048 Zürich ZH",12000,MYSPORTS,2.02611E+13,NL,CH,Regular Season,90,91,
Di,23/12/2025,19:45:00,EV Zug,HC Davos,03:02, 1:1|1:0|0:1|1:0,SO,Ende,FALSE,"OYM hall, 6303 Zug",7450,MYSPORTS,2.02611E+13,NL,CH,Regular Season,90,91,
Fr,02/01/2026,14:00:00,HC Ajoie,SC Bern,03:04, 0:0|2:1|1:3,,Ende,FALSE,"Raiffeisen Arena, 2900 Porrentruy JU",5276,MYSPORTS,2.02611E+13,NL,CH,Regular Season,90,91,
Fr,02/01/2026,14:02:00,Genève-Servette HC,ZSC Lions,05:03, 2:0|1:2|2:1,,Ende,FALSE,"Les Vernets, 1227 Les Acacias GE",6696,MYSPORTS,2.02611E+13,NL,CH,Regular Season,90,91,
Fr,02/01/2026,15:45:00,Lausanne HC,EV Zug,07:00, 0:0|6:0|1:0,,Ende,FALSE,"Vaudoise Aréna, 1008 Lausanne VD",9600,MYSPORTS,2.02611E+13,NL,CH,Regular Season,90,91,
Fr,02/01/2026,19:45:00,HC Ambri-Piotta,SCL Tigers,00:03, 0:1|0:0|0:2,,Ende,FALSE,"Gottardo Arena, 6775 Ambri TI",6447,MYSPORTS,2.02611E+13,NL,CH,Regular Season,90,91,
Fr,02/01/2026,19:45:00,EHC Biel-Bienne,HC Lugano,03:01, 1:1|1:0|1:0,,Ende,FALSE,"Tissot Arena, 2504 Biel/Bienne BE",6556,MYSPORTS,2.02611E+13,NL,CH,Regular Season,90,91,
Fr,02/01/2026,19:45:00,EHC Kloten,HC Davos,04:01, 0:0|2:1|2:0,,Ende,FALSE,"SWISS Arena, 8302 Kloten ZH",7161,"MYSPORTS,TV24,3PLUS",2.02611E+13,NL,CH,Regular Season,90,91,
Sa,03/01/2026,19:45:00,SC Bern,Genève-Servette HC,00:03, 0:0|0:2|0:1,,Ende,FALSE,"PostFinance Arena, 3014 Bern BE",17001,MYSPORTS,2.02611E+13,NL,CH,Regular Season,90,91,
Sa,03/01/2026,19:45:00,HC Davos,HC Ambri-Piotta,07:03, 1:0|2:1|4:2,,Ende,FALSE,"zondacrypto-Arena, 7270 Davos-Platz GR",6547,"MYSPORTS,TELETICINO,TV24,3PLUS",2.02611E+13,NL,CH,Regular Season,90,91,
Sa,03/01/2026,19:45:00,HC Lugano,Fribourg-Gottéron,03:02, 2:1|1:1|0:0,,Ende,FALSE,"Cornèr Arena, 6948 Porza Ti",6422,MYSPORTS,2.02611E+13,NL,CH,Regular Season,90,91,
Sa,03/01/2026,19:45:00,SC Rapperswil-Jona Lakers,HC Ajoie,02:01, 1:1|0:0|0:0|1:0,OT,Ende,FALSE,"St.Galler Kantonalbank Arena, 8640 Rapperswil SG",5026,MYSPORTS,2.02611E+13,NL,CH,Regular Season,90,91,
Sa,03/01/2026,19:45:00,SCL Tigers,EHC Biel-Bienne,04:00, 2:0|1:0|1:0,,Ende,FALSE,"emmental versicherung arena , 3550 Langnau i. E. BE",6000,MYSPORTS,2.02611E+13,NL,CH,Regular Season,90,91,
Sa,03/01/2026,19:45:00,ZSC Lions,Lausanne HC,03:02, 1:1|1:1|1:0,,Ende,FALSE,"Swiss Life Arena, 8048 Zürich ZH",12000,MYSPORTS,2.02611E+13,NL,CH,Regular Season,90,91,
Sa,03/01/2026,19:45:00,EV Zug,EHC Kloten,01:02, 0:0|1:1|0:0|0:1,OT,Ende,FALSE,"OYM hall, 6303 Zug",7450,MYSPORTS,2.02611E+13,NL,CH,Regular Season,90,91,
Di,06/01/2026,19:45:00,HC Ajoie,ZSC Lions,03:05, 0:4|2:0|1:1,,Ende,FALSE,"Raiffeisen Arena, 2900 Porrentruy JU",3551,MYSPORTS,2.02611E+13,NL,CH,Regular Season,90,91,
Di,06/01/2026,19:45:00,HC Ambri-Piotta,EV Zug,04:00, 0:0|1:0|3:0,,Ende,FALSE,"Gottardo Arena, 6775 Ambri TI",6185,MYSPORTS,2.02611E+13,NL,CH,Regular Season,90,91,
Di,06/01/2026,19:45:00,EHC Biel-Bienne,HC Davos,04:03, 0:1|1:0|2:2|1:0,SO,Ende,FALSE,"Tissot Arena, 2504 Biel/Bienne BE",5844,MYSPORTS,2.02611E+13,NL,CH,Regular Season,90,91,
Di,06/01/2026,19:45:00,Fribourg-Gottéron,SCL Tigers,04:03, 0:1|1:0|2:2|1:0,SO,Ende,FALSE,"BCF Arena, 1700 Fribourg FR",9372,MYSPORTS,2.02611E+13,NL,CH,Regular Season,90,91,
Di,06/01/2026,19:45:00,Genève-Servette HC,SC Rapperswil-Jona Lakers,03:01, 0:0|0:0|3:1,,Ende,FALSE,"Les Vernets, 1227 Les Acacias GE",5513,MYSPORTS,2.02611E+13,NL,CH,Regular Season,90,91,
Di,06/01/2026,19:45:00,EHC Kloten,SC Bern,02:03, 0:1|1:2|1:0,,Ende,FALSE,"SWISS Arena, 8302 Kloten ZH",4218,"MYSPORTS,TV24,3PLUS",2.02611E+13,NL,CH,Regular Season,90,91,
Mi,07/01/2026,19:45:00,Lausanne HC,HC Lugano,02:05, 0:0|1:2|1:3,,Ende,FALSE,"Vaudoise Aréna, 1008 Lausanne VD",9246,MYSPORTS,2.02611E+13,NL,CH,Regular Season,90,91,
Do,08/01/2026,19:45:00,Fribourg-Gottéron,EV Zug,03:02, 0:1|1:1|1:0|1:0,SO,Ende,FALSE,"BCF Arena, 1700 Fribourg FR",9372,MYSPORTS,2.02611E+13,NL,CH,Regular Season,90,91,
Do,08/01/2026,19:45:00,Genève-Servette HC,HC Lugano,02:01, 0:0|0:1|1:0|1:0,OT,Ende,FALSE,"Les Vernets, 1227 Les Acacias GE",6023,MYSPORTS,2.02611E+13,NL,CH,Regular Season,90,91,
Do,08/01/2026,20:00:00,SC Rapperswil-Jona Lakers,SCL Tigers,02:01, 0:1|0:0|2:0,,Ende,FALSE,"St.Galler Kantonalbank Arena, 8640 Rapperswil SG",4291,"MYSPORTS,TV24,3PLUS",2.02611E+13,NL,CH,Regular Season,90,91,
Fr,09/01/2026,19:45:00,HC Ajoie,EHC Biel-Bienne,01:02, 0:0|1:2|0:0,,Ende,FALSE,"Raiffeisen Arena, 2900 Porrentruy JU",5021,MYSPORTS,2.02611E+13,NL,CH,Regular Season,90,91,
Fr,09/01/2026,19:45:00,SC Bern,HC Ambri-Piotta,00:01, 0:0|0:0|0:0|0:1,SO,Ende,FALSE,"PostFinance Arena, 3014 Bern BE",15087,MYSPORTS,2.02611E+13,NL,CH,Regular Season,90,91,
Fr,09/01/2026,19:45:00,HC Davos,Lausanne HC,05:01, 1:0|1:0|3:1,,Ende,FALSE,"zondacrypto-Arena, 7270 Davos-Platz GR",6547,MYSPORTS,2.02611E+13,NL,CH,Regular Season,90,91,
Sa,10/01/2026,19:45:00,HC Ambri-Piotta,SC Rapperswil-Jona Lakers,04:03, 1:1|1:2|1:0|1:0,OT,Ende,FALSE,"Gottardo Arena, 6775 Ambri TI",6553,MYSPORTS,2.02611E+13,NL,CH,Regular Season,90,91,
Sa,10/01/2026,19:45:00,EHC Biel-Bienne,SC Bern,01:02, 0:1|0:1|1:0,,Ende,FALSE,"Tissot Arena, 2504 Biel/Bienne BE",6556,MYSPORTS,2.02611E+13,NL,CH,Regular Season,90,91,
Sa,10/01/2026,19:45:00,EHC Kloten,Genève-Servette HC,01:03, 0:1|1:1|0:1,,Ende,FALSE,"SWISS Arena, 8302 Kloten ZH",4441,MYSPORTS,2.02611E+13,NL,CH,Regular Season,90,91,
Sa,10/01/2026,19:45:00,Lausanne HC,Fribourg-Gottéron,00:04, 0:1|0:0|0:3,,Ende,FALSE,"Vaudoise Aréna, 1008 Lausanne VD",9600,"MYSPORTS,LEMANBLEU,LATELE,TELEB",2.02611E+13,NL,CH,Regular Season,90,91,
Sa,10/01/2026,19:45:00,SCL Tigers,HC Davos,03:01, 1:0|1:1|1:0,,Ende,FALSE,"emmental versicherung arena , 3550 Langnau i. E. BE",6000,MYSPORTS,2.02611E+13,NL,CH,Regular Season,90,91,
Sa,10/01/2026,19:45:00,EV Zug,ZSC Lions,02:03, 1:1|0:0|1:1|0:1,OT,Ende,FALSE,"OYM hall, 6303 Zug",7450,"MYSPORTS,TV24,3PLUS",2.02611E+13,NL,CH,Regular Season,90,91,
So,11/01/2026,19:45:00,ZSC Lions,EHC Kloten,01:00, 0:0|0:0|1:0,,Ende,FALSE,"Swiss Life Arena, 8048 Zürich ZH",12000,MYSPORTS,2.02611E+13,NL,CH,Regular Season,90,91,
Mi,14/01/2026,19:45:00,HC Ajoie,SCL Tigers,02:01, 0:1|1:0|0:0|1:0,SO,Ende,FALSE,"Raiffeisen Arena, 2900 Porrentruy JU",3496,MYSPORTS,2.02611E+13,NL,CH,Regular Season,90,91,
Mi,14/01/2026,19:45:00,EV Zug,HC Lugano,02:03, 0:1|1:2|1:0,,Ende,FALSE,"OYM hall, 6303 Zug",6930,MYSPORTS,2.02611E+13,NL,CH,Regular Season,90,91,
Mi,14/01/2026,19:45:00,Lausanne HC,Genève-Servette HC,00:03, 0:0|0:2|0:1,,Ende,FALSE,"Vaudoise Aréna, 1008 Lausanne VD",9600,MYSPORTS,2.02611E+13,NL,CH,Regular Season,90,91,
Do,15/01/2026,20:00:00,EHC Biel-Bienne,HC Ambri-Piotta,03:02, 1:0|1:1|0:1|1:0,OT,Ende,FALSE,"Tissot Arena, 2504 Biel/Bienne BE",5817,"MYSPORTS,TV24,3PLUS",2.02611E+13,NL,CH,Regular Season,90,91,
Fr,16/01/2026,19:45:00,SC Bern,HC Lugano,01:04, 0:2|0:1|1:1,,Ende,FALSE,"PostFinance Arena, 3014 Bern BE",14854,MYSPORTS,2.02611E+13,NL,CH,Regular Season,90,91,
Fr,16/01/2026,19:45:00,EHC Kloten,Lausanne HC,02:03, 0:0|1:1|1:1|0:1,OT,Ende,FALSE,"SWISS Arena, 8302 Kloten ZH",4467,MYSPORTS,2.02611E+13,NL,CH,Regular Season,90,91,
Fr,16/01/2026,19:45:00,SC Rapperswil-Jona Lakers,ZSC Lions,01:03, 0:1|0:0|1:2,,Ende,FALSE,"St.Galler Kantonalbank Arena, 8640 Rapperswil SG",6100,"MYSPORTS,TV24,3PLUS",2.02611E+13,NL,CH,Regular Season,90,91,
Fr,16/01/2026,19:45:00,SCL Tigers,Genève-Servette HC,03:00, 0:0|1:0|2:0,,Ende,FALSE,"emmental versicherung arena , 3550 Langnau i. E. BE",5820,MYSPORTS,2.02611E+13,NL,CH,Regular Season,90,91,
Fr,16/01/2026,19:45:00,EV Zug,HC Ajoie,02:04, 1:0|1:3|0:1,,Ende,FALSE,"OYM hall, 6303 Zug",7251,MYSPORTS,2.02611E+13,NL,CH,Regular Season,90,91,
Sa,17/01/2026,19:45:00,HC Ajoie,HC Davos,02:05, 0:0|1:2|1:3,,Ende,FALSE,"Raiffeisen Arena, 2900 Porrentruy JU",4391,MYSPORTS,2.02611E+13,NL,CH,Regular Season,90,91,
Sa,17/01/2026,19:45:00,HC Ambri-Piotta,EHC Kloten,02:05, 2:2|0:2|0:1,,Ende,FALSE,"Gottardo Arena, 6775 Ambri TI",6495,MYSPORTS,2.02611E+13,NL,CH,Regular Season,90,91,
Sa,17/01/2026,19:45:00,Fribourg-Gottéron,EHC Biel-Bienne,06:01, 2:0|0:1|4:0,,Ende,FALSE,"BCF Arena, 1700 Fribourg FR",9372,MYSPORTS,2.02611E+13,NL,CH,Regular Season,90,91,
Sa,17/01/2026,19:45:00,Genève-Servette HC,EV Zug,04:01, 1:0|3:1|0:0,,Ende,FALSE,"Les Vernets, 1227 Les Acacias GE",7135,MYSPORTS,2.02611E+13,NL,CH,Regular Season,90,91,
Sa,17/01/2026,19:45:00,ZSC Lions,SC Bern,03:04, 0:1|1:1|2:1|0:1,OT,Ende,FALSE,"Swiss Life Arena, 8048 Zürich ZH",12000,MYSPORTS,2.02611E+13,NL,CH,Regular Season,90,91,
So,18/01/2026,15:45:00,HC Lugano,SCL Tigers,04:03, 1:0|1:1|1:2|1:0,SO,Ende,FALSE,"Cornèr Arena, 6948 Porza Ti",6233,MYSPORTS,2.02611E+13,NL,CH,Regular Season,90,91,
So,18/01/2026,15:45:00,Lausanne HC,SC Rapperswil-Jona Lakers,03:04, 0:0|2:2|1:1|0:1,OT,Ende,FALSE,"Vaudoise Aréna, 1008 Lausanne VD",9600,MYSPORTS,2.02611E+13,NL,CH,Regular Season,90,91,
Fr,23/01/2026,19:45:00,HC Ambri-Piotta,ZSC Lions,02:04, 1:1|1:0|0:3,,Ende,FALSE,"Gottardo Arena, 6775 Ambri TI",6500,"MYSPORTS,TV24,3PLUS",2.02611E+13,NL,CH,Regular Season,90,91,
Fr,23/01/2026,19:45:00,Fribourg-Gottéron,HC Lugano,03:02, 1:0|0:1|1:1|1:0,SO,Ende,FALSE,"BCF Arena, 1700 Fribourg FR",9372,MYSPORTS,2.02611E+13,NL,CH,Regular Season,90,91,
Fr,23/01/2026,19:45:00,EHC Kloten,EV Zug,01:02, 0:0|0:0|1:2,,Ende,FALSE,"SWISS Arena, 8302 Kloten ZH",5031,MYSPORTS,2.02611E+13,NL,CH,Regular Season,90,91,
Fr,23/01/2026,19:45:00,Lausanne HC,EHC Biel-Bienne,02:01, 0:1|1:0|0:0|1:0,OT,Ende,FALSE,"Vaudoise Aréna, 1008 Lausanne VD",9600,MYSPORTS,2.02611E+13,NL,CH,Regular Season,90,91,
Fr,23/01/2026,19:45:00,SC Rapperswil-Jona Lakers,SC Bern,00:02, 0:0|0:1|0:1,,Ende,FALSE,"St.Galler Kantonalbank Arena, 8640 Rapperswil SG",5560,MYSPORTS,2.02611E+13,NL,CH,Regular Season,90,91,
Fr,23/01/2026,19:45:00,SCL Tigers,HC Ajoie,02:03, 0:0|2:1|0:1|0:1,OT,Ende,FALSE,"emmental versicherung arena , 3550 Langnau i. E. BE",5905,MYSPORTS,2.02611E+13,NL,CH,Regular Season,90,91,
Sa,24/01/2026,19:45:00,HC Ajoie,EHC Kloten,04:02, 3:1|0:1|1:0,,Ende,FALSE,"Raiffeisen Arena, 2900 Porrentruy JU",4422,MYSPORTS,2.02611E+13,NL,CH,Regular Season,90,91,
Sa,24/01/2026,19:45:00,SC Bern,Lausanne HC,03:01, 0:0|2:1|1:0,,Ende,FALSE,"PostFinance Arena, 3014 Bern BE",16501,MYSPORTS,2.02611E+13,NL,CH,Regular Season,90,91,
Sa,24/01/2026,19:45:00,EHC Biel-Bienne,SC Rapperswil-Jona Lakers,05:04, 2:1|1:2|2:1,,Ende,FALSE,"Tissot Arena, 2504 Biel/Bienne BE",6033,MYSPORTS,2.02611E+13,NL,CH,Regular Season,90,91,
Sa,24/01/2026,19:45:00,HC Lugano,HC Davos,01:04, 0:0|0:2|1:2,,Ende,FALSE,"Cornèr Arena, 6948 Porza Ti",6614,MYSPORTS,2.02611E+13,NL,CH,Regular Season,90,91,
Sa,24/01/2026,19:45:00,ZSC Lions,Fribourg-Gottéron,03:04, 0:2|2:0|1:1|0:1,SO,Ende,FALSE,"Swiss Life Arena, 8048 Zürich ZH",12000,MYSPORTS,2.02611E+13,NL,CH,Regular Season,90,91,
Sa,24/01/2026,19:45:00,EV Zug,SCL Tigers,03:01, 1:0|0:1|2:0,,Ende,FALSE,"OYM hall, 6303 Zug",7429,MYSPORTS,2.02611E+13,NL,CH,Regular Season,90,91,
Mo,26/01/2026,19:45:00,Genève-Servette HC,HC Ambri-Piotta,03:04, 0:0|2:1|1:2|0:1,OT,Ende,FALSE,"Les Vernets, 1227 Les Acacias GE",5938,"MYSPORTS,TELETICINO",2.02611E+13,NL,CH,Regular Season,90,91,
Di,27/01/2026,19:45:00,EHC Biel-Bienne,HC Ajoie,06:03, 2:0|1:1|3:2,,Ende,FALSE,"Tissot Arena, 2504 Biel/Bienne BE",6131,MYSPORTS,2.02611E+13,NL,CH,Regular Season,90,91,
Di,27/01/2026,19:45:00,HC Davos,EV Zug,04:01, 2:0|0:0|2:1,,Ende,FALSE,"zondacrypto-Arena, 7270 Davos-Platz GR",6076,MYSPORTS,2.02611E+13,NL,CH,Regular Season,90,91,
Di,27/01/2026,19:45:00,Fribourg-Gottéron,HC Ambri-Piotta,04:03, 1:0|1:3|1:0|1:0,OT,Ende,FALSE,"BCF Arena, 1700 Fribourg FR",9372,MYSPORTS,2.02611E+13,NL,CH,Regular Season,90,91,
Di,27/01/2026,19:45:00,EHC Kloten,ZSC Lions,02:04, 0:1|0:1|2:2,,Ende,FALSE,"SWISS Arena, 8302 Kloten ZH",6296,MYSPORTS,2.02611E+13,NL,CH,Regular Season,90,91,
Di,27/01/2026,19:45:00,HC Lugano,SC Rapperswil-Jona Lakers,07:03, 3:0|0:3|4:0,,Ende,FALSE,"Cornèr Arena, 6948 Porza Ti",5072,MYSPORTS,2.02611E+13,NL,CH,Regular Season,90,91,
Di,27/01/2026,19:45:00,SCL Tigers,SC Bern,03:04, 1:0|1:3|1:0|0:1,OT,Ende,FALSE,"emmental versicherung arena , 3550 Langnau i. E. BE",6000,"MYSPORTS,TV24,3PLUS",2.02611E+13,NL,CH,Regular Season,90,91,
Do,29/01/2026,19:45:00,HC Ambri-Piotta,HC Lugano,03:02, 1:1|1:0|1:1,,Ende,FALSE,"Gottardo Arena, 6775 Ambri TI",6775,"MYSPORTS,TELETICINO",2.02611E+13,NL,CH,Regular Season,90,91,
Do,29/01/2026,19:45:00,Genève-Servette HC,Fribourg-Gottéron,03:05, 1:4|0:0|2:1,,Ende,FALSE,"Les Vernets, 1227 Les Acacias GE",7135,MYSPORTS,2.02611E+13,NL,CH,Regular Season,90,91,
Do,29/01/2026,19:45:00,SC Rapperswil-Jona Lakers,HC Davos,03:04, 1:0|0:2|2:2,,Ende,FALSE,"St.Galler Kantonalbank Arena, 8640 Rapperswil SG",6025,MYSPORTS,2.02611E+13,NL,CH,Regular Season,90,91,
Fr,30/01/2026,19:45:00,EHC Biel-Bienne,ZSC Lions,01:05, 1:1|0:2|0:2,,Ende,FALSE,"Tissot Arena, 2504 Biel/Bienne BE",6382,MYSPORTS,2.02611E+13,NL,CH,Regular Season,90,91,
Fr,30/01/2026,19:45:00,HC Davos,SC Bern,02:01, 0:0|2:1|0:0,,Ende,FALSE,"zondacrypto-Arena, 7270 Davos-Platz GR",6547,"MYSPORTS,TV24,3PLUS",2.02611E+13,NL,CH,Regular Season,90,91,
Fr,30/01/2026,19:45:00,Fribourg-Gottéron,EHC Kloten,03:02, 1:0|0:1|1:1|1:0,OT,Ende,FALSE,"BCF Arena, 1700 Fribourg FR",9372,MYSPORTS,2.02611E+13,NL,CH,Regular Season,90,91,
Fr,30/01/2026,19:45:00,EV Zug,Lausanne HC,01:04, 0:1|0:1|1:2,,Ende,FALSE,"OYM hall, 6303 Zug",7371,MYSPORTS,2.02611E+13,NL,CH,Regular Season,90,91,
Fr,30/01/2026,19:50:00,HC Ajoie,SC Rapperswil-Jona Lakers,02:05, 0:2|0:1|2:2,,Ende,FALSE,"Raiffeisen Arena, 2900 Porrentruy JU",4153,MYSPORTS,2.02611E+13,NL,CH,Regular Season,90,91,
Sa,31/01/2026,19:45:00,ZSC Lions,EV Zug,02:04, 0:0|0:1|2:3,,Ende,FALSE,"Swiss Life Arena, 8048 Zürich ZH",12000,MYSPORTS,2.02611E+13,NL,CH,Regular Season,90,91,
Sa,31/01/2026,19:45:00,HC Lugano,Genève-Servette HC,05:01, 1:0|0:1|4:0,,Ende,FALSE,"Cornèr Arena, 6948 Porza Ti",5602,"MYSPORTS,LEMANBLEU,LATELE,TELEB",2.02611E+13,NL,CH,Regular Season,90,91,
Sa,31/01/2026,19:45:00,SCL Tigers,HC Ambri-Piotta,06:03, 0:0|2:1|4:2,,Ende,FALSE,"emmental versicherung arena , 3550 Langnau i. E. BE",6000,MYSPORTS,2.02611E+13,NL,CH,Regular Season,90,91,
So,01/02/2026,14:00:00,SC Bern,HC Ajoie,05:00, 1:0|2:0|2:0,,Ende,FALSE,"PostFinance Arena, 3014 Bern BE",17031,MYSPORTS,2.02611E+13,NL,CH,Regular Season,90,91,
So,01/02/2026,14:00:00,EHC Kloten,EHC Biel-Bienne,03:02, 0:0|0:1|2:1|1:0,OT,Ende,FALSE,"SWISS Arena, 8302 Kloten ZH",6189,MYSPORTS,2.02611E+13,NL,CH,Regular Season,90,91,
So,01/02/2026,15:45:00,HC Davos,Fribourg-Gottéron,05:02, 2:1|1:0|2:1,,Ende,FALSE,"zondacrypto-Arena, 7270 Davos-Platz GR",6547,MYSPORTS,2.02611E+13,NL,CH,Regular Season,90,91,
Di,24/02/2026,19:45:00,HC Ambri-Piotta,Lausanne HC,03:02, 0:2|2:0|0:0|1:0,OT,Ende,FALSE,"Gottardo Arena, 6775 Ambri TI",6093,MYSPORTS,2.02611E+13,NL,CH,Regular Season,90,91,
Di,24/02/2026,19:45:00,SC Bern,EHC Kloten,01:02, 1:0|0:0|0:1|0:1,OT,Ende,FALSE,"PostFinance Arena, 3014 Bern BE",14789,MYSPORTS,2.02611E+13,NL,CH,Regular Season,90,91,
Di,24/02/2026,19:45:00,HC Davos,SCL Tigers,04:03, 1:0|1:3|2:0,,Ende,FALSE,"zondacrypto-Arena, 7270 Davos-Platz GR",6130,MYSPORTS,2.02611E+13,NL,CH,Regular Season,90,91,
Di,24/02/2026,19:45:00,HC Lugano,EHC Biel-Bienne,03:04, 2:1|0:2|1:0|0:1,SO,Ende,FALSE,"Cornèr Arena, 6948 Porza Ti",4922,MYSPORTS,2.02611E+13,NL,CH,Regular Season,90,91,
Di,24/02/2026,19:45:00,SC Rapperswil-Jona Lakers,Genève-Servette HC,04:01, 1:1|1:0|2:0,,Ende,FALSE,"St.Galler Kantonalbank Arena, 8640 Rapperswil SG",4086,MYSPORTS,2.02611E+13,NL,CH,Regular Season,90,91,
Di,24/02/2026,19:45:00,ZSC Lions,HC Ajoie,02:01, 1:0|1:1|0:0,,Ende,FALSE,"Swiss Life Arena, 8048 Zürich ZH",11263,MYSPORTS,2.02611E+13,NL,CH,Regular Season,90,91,
Di,24/02/2026,19:45:00,EV Zug,Fribourg-Gottéron,01:03, 0:1|1:0|0:2,,Ende,FALSE,"OYM hall, 6303 Zug",7194,"MYSPORTS,TV24,3PLUS",2.02611E+13,NL,CH,Regular Season,90,91,
Fr,27/02/2026,19:45:00,HC Ajoie,HC Lugano,00:01, 0:0|0:1|0:0,,Ende,FALSE,"Raiffeisen Arena, 2900 Porrentruy JU",4235,MYSPORTS,2.02611E+13,NL,CH,Regular Season,90,91,
Fr,27/02/2026,19:45:00,HC Ambri-Piotta,HC Davos,02:05, 1:1|0:2|1:2,,Ende,FALSE,"Gottardo Arena, 6775 Ambri TI",6765,MYSPORTS,2.02611E+13,NL,CH,Regular Season,90,91,
Fr,27/02/2026,19:45:00,EHC Biel-Bienne,EV Zug,02:03, 1:0|0:1|1:2,,Ende,FALSE,"Tissot Arena, 2504 Biel/Bienne BE",6497,MYSPORTS,2.02611E+13,NL,CH,Regular Season,90,91,
Fr,27/02/2026,19:45:00,Genève-Servette HC,SC Bern,04:03, 2:1|1:2|0:0|1:0,OT,Ende,FALSE,"Les Vernets, 1227 Les Acacias GE",7135,"MYSPORTS,LEMANBLEU,LATELE,TELEB",2.02611E+13,NL,CH,Regular Season,90,91,
Fr,27/02/2026,19:45:00,EHC Kloten,SCL Tigers,03:01, 1:0|0:1|2:0,,Ende,FALSE,"SWISS Arena, 8302 Kloten ZH",5168,"MYSPORTS,TV24,3PLUS",2.02611E+13,NL,CH,Regular Season,90,91,
Fr,27/02/2026,19:45:00,Lausanne HC,ZSC Lions,03:04, 0:1|0:0|3:2|0:1,SO,Ende,FALSE,"Vaudoise Aréna, 1008 Lausanne VD",9600,MYSPORTS,2.02611E+13,NL,CH,Regular Season,90,91,
Fr,27/02/2026,19:45:00,SC Rapperswil-Jona Lakers,Fribourg-Gottéron,02:03, 1:0|1:1|0:2,,Ende,FALSE,"St.Galler Kantonalbank Arena, 8640 Rapperswil SG",5515,MYSPORTS,2.02611E+13,NL,CH,Regular Season,90,91,
Sa,28/02/2026,19:45:00,SC Bern,EHC Biel-Bienne,02:03, 2:2|0:0|0:1,,Ende,FALSE,"PostFinance Arena, 3014 Bern BE",16806,"MYSPORTS,TV24,3PLUS",2.02611E+13,NL,CH,Regular Season,90,91,
Sa,28/02/2026,19:45:00,HC Davos,EHC Kloten,00:02, 0:1|0:1|0:0,,Ende,FALSE,"zondacrypto-Arena, 7270 Davos-Platz GR",6547,MYSPORTS,2.02611E+13,NL,CH,Regular Season,90,91,
Sa,28/02/2026,19:45:00,HC Lugano,Lausanne HC,01:04, 0:2|0:1|1:1,,Ende,FALSE,"Cornèr Arena, 6948 Porza Ti",5725,MYSPORTS,2.02611E+13,NL,CH,Regular Season,90,91,
Sa,28/02/2026,19:45:00,SCL Tigers,SC Rapperswil-Jona Lakers,03:04, 0:1|1:2|2:1,,Ende,FALSE,"emmental versicherung arena , 3550 Langnau i. E. BE",6000,MYSPORTS,2.02611E+13,NL,CH,Regular Season,90,91,
Sa,28/02/2026,19:45:00,ZSC Lions,Genève-Servette HC,02:03, 2:1|0:1|0:1,,Ende,FALSE,"Swiss Life Arena, 8048 Zürich ZH",12000,MYSPORTS,2.02611E+13,NL,CH,Regular Season,90,91,
Sa,28/02/2026,19:45:00,EV Zug,HC Ambri-Piotta,04:01, 0:0|2:1|2:0,,Ende,FALSE,"OYM hall, 6303 Zug",7450,MYSPORTS,2.02611E+13,NL,CH,Regular Season,90,91,
Do,05/03/2026,19:45:00,HC Ajoie,HC Ambri-Piotta,02:03, 0:1|1:1|1:0|0:1,SO,Ende,FALSE,"Raiffeisen Arena, 2900 Porrentruy JU",3913,MYSPORTS,2.02611E+13,NL,CH,Regular Season,90,91,
Do,05/03/2026,19:45:00,SC Bern,EV Zug,02:01, 0:1|1:0|0:0|1:0,SO,Ende,FALSE,"PostFinance Arena, 3014 Bern BE",15553,"MYSPORTS,TV24,3PLUS",2.02611E+13,NL,CH,Regular Season,90,91,
Do,05/03/2026,19:45:00,Genève-Servette HC,EHC Biel-Bienne,05:03, 2:1|2:1|1:1,,Ende,FALSE,"Les Vernets, 1227 Les Acacias GE",7135,MYSPORTS,2.02611E+13,NL,CH,Regular Season,90,91,
Do,05/03/2026,19:45:00,HC Lugano,ZSC Lions,01:04, 0:1|1:2|0:1,,Ende,FALSE,"Cornèr Arena, 6948 Porza Ti",5640,MYSPORTS,2.02611E+13,NL,CH,Regular Season,90,91,
Do,05/03/2026,19:45:00,Lausanne HC,HC Davos,02:06, 1:1|1:2|0:3,,Ende,FALSE,"Vaudoise Aréna, 1008 Lausanne VD",9600,MYSPORTS,2.02611E+13,NL,CH,Regular Season,90,91,
Do,05/03/2026,19:45:00,SC Rapperswil-Jona Lakers,EHC Kloten,06:04, 0:1|3:1|3:2,,Ende,FALSE,"St.Galler Kantonalbank Arena, 8640 Rapperswil SG",4995,MYSPORTS,2.02611E+13,NL,CH,Regular Season,90,91,
Do,05/03/2026,19:45:00,SCL Tigers,Fribourg-Gottéron,03:04, 0:2|2:0|1:2,,Ende,FALSE,"emmental versicherung arena , 3550 Langnau i. E. BE",6000,MYSPORTS,2.02611E+13,NL,CH,Regular Season,90,91,
Sa,07/03/2026,19:45:00,HC Ajoie,Genève-Servette HC,02:06, 1:2|1:4|0:0,,Ende,FALSE,"Raiffeisen Arena, 2900 Porrentruy JU",4275,"MYSPORTS,LEMANBLEU,LATELE,TELEB",2.02611E+13,NL,CH,Regular Season,90,91,
Sa,07/03/2026,19:45:00,HC Ambri-Piotta,SC Bern,04:01, 1:0|1:1|2:0,,Ende,FALSE,"Gottardo Arena, 6775 Ambri TI",6775,MYSPORTS,2.02611E+13,NL,CH,Regular Season,90,91,
Sa,07/03/2026,19:45:00,EHC Biel-Bienne,SCL Tigers,05:01, 0:1|2:0|3:0,,Ende,FALSE,"Tissot Arena, 2504 Biel/Bienne BE",6556,MYSPORTS,2.02611E+13,NL,CH,Regular Season,90,91,
Sa,07/03/2026,19:45:00,Fribourg-Gottéron,Lausanne HC,03:04, 1:2|1:2|1:0,,Ende,FALSE,"BCF Arena, 1700 Fribourg FR",9372,MYSPORTS,2.02611E+13,NL,CH,Regular Season,90,91,
Sa,07/03/2026,19:45:00,EHC Kloten,HC Lugano,02:01, 0:1|0:0|1:0|1:0,OT,Ende,FALSE,"SWISS Arena, 8302 Kloten ZH",6404,MYSPORTS,2.02611E+13,NL,CH,Regular Season,90,91,
Sa,07/03/2026,19:45:00,ZSC Lions,HC Davos,01:02, 0:2|1:0|0:0,,Ende,FALSE,"Swiss Life Arena, 8048 Zürich ZH",12000,MYSPORTS,2.02611E+13,NL,CH,Regular Season,90,91,
Sa,07/03/2026,19:45:00,EV Zug,SC Rapperswil-Jona Lakers,02:03, 0:0|0:2|2:0|0:1,OT,Ende,FALSE,"OYM hall, 6303 Zug",7450,MYSPORTS,2.02611E+13,NL,CH,Regular Season,90,91,
Mo,09/03/2026,19:45:00,SC Bern,Fribourg-Gottéron,03:04, 0:2|2:0|1:2,,Ende,FALSE,"PostFinance Arena, 3014 Bern BE",16471,"MYSPORTS,LEMANBLEU,LATELE,TELEB",2.02611E+13,NL,CH,Regular Season,90,91,
Mo,09/03/2026,19:45:00,HC Davos,EHC Biel-Bienne,05:02, 2:0|2:0|1:2,,Ende,FALSE,"zondacrypto-Arena, 7270 Davos-Platz GR",4656,MYSPORTS,2.02611E+13,NL,CH,Regular Season,90,91,
Mo,09/03/2026,19:45:00,Genève-Servette HC,EHC Kloten,07:00, 2:0|3:0|2:0,,Ende,FALSE,"Les Vernets, 1227 Les Acacias GE",6342,MYSPORTS,2.02611E+13,NL,CH,Regular Season,90,91,
Mo,09/03/2026,19:45:00,HC Lugano,EV Zug,04:01, 2:0|0:0|2:1,,Ende,FALSE,"Cornèr Arena, 6948 Porza Ti",5941,"MYSPORTS,TELETICINO",2.02611E+13,NL,CH,Regular Season,90,91,
Mo,09/03/2026,19:45:00,Lausanne HC,HC Ajoie,02:03, 0:0|2:2|0:0|0:1,SO,Ende,FALSE,"Vaudoise Aréna, 1008 Lausanne VD",9600,MYSPORTS,2.02611E+13,NL,CH,Regular Season,90,91,
Mo,09/03/2026,19:45:00,SC Rapperswil-Jona Lakers,HC Ambri-Piotta,06:02, 2:1|0:0|4:1,,Ende,FALSE,"St.Galler Kantonalbank Arena, 8640 Rapperswil SG",4562,MYSPORTS,2.02611E+13,NL,CH,Regular Season,90,91,
Mo,09/03/2026,19:45:00,SCL Tigers,ZSC Lions,00:02, 0:0|0:2|0:0,,Ende,FALSE,"emmental versicherung arena , 3550 Langnau i. E. BE",5416,"MYSPORTS,TV24,3PLUS",2.02611E+13,NL,CH,Regular Season,90,91,
